番号	名称	所属	HP	SAN	速度	斬撃	貫通	打撃	弾丸	パッシブ名	発動条件	常時効果	効果	戦術0名称	戦術0効果	戦術0-2スキル名称	戦術0-2スキル効果	戦術1名称	戦術1効果	戦術1-2スキル名称	戦術1-2スキル効果	戦術2名称	戦術2効果	戦術3名称	戦術3効果	戦術3-2スキル名称	戦術3-2スキル効果	戦術4名称	戦術4効果	戦術4-2スキル名称	戦術4-2スキル効果	戦術5スキル名称	戦術5スキル効果	固有
1	黒雲会組員の人格	黒雲会	105	48	1d5	抵抗	普通	弱点	なし	抉り出し	色欲 x2 共鳴	なし	マッチ勝利時、対象が出血状態なら、スキルの最後のダイス威力+1	切り払う	斬撃反撃：憤怒<br>2d6：的中時、出血2を付与	なし	なし	鋭い刃先	斬撃：暴食<br>使用時：次に自分が戦術スキルを使用したとき、この戦術のダイスをスキルの最後に追加する <br>2d7	なし	なし	後始末	貫通：傲慢<br>3d5：的中時、次のRに出血2を付与<br>2d7	飛び散る剣撃	斬撃：憂鬱<br>使用時：対象の出血5ごとに保護1を得る（最大3）<br>2d11+2：的中時、脆弱1を付与	なし	なし	快刀乱麻	斬撃：色欲<br>対象の出血4ごとにダメージ量+1（最大5）<br>マッチ敗北時：スキル威力-10<br>16-1d10：破壊不能ダイス。的中時、次のRに出血3を付与	なし	なし	なし	なし	なし
2	黒雲会若衆の人格	黒雲会	121	50	2d3	抵抗	弱点	普通	なし	鋭利な一撃	色欲 x2 保有	なし	マッチ勝利時、出血1を付与	防御	防御：色欲<br>戦闘開始時：保護1を得る<br>8d2	なし	なし	発勁	貫通：憤怒<br>対象の出血が7以上ならダメージ量+3<br>2d8	なし	なし	雲の切開	斬撃：傲慢<br>攻撃前：対象の出血が10未満なら、この戦術の全ダイスをスキルの最後に追加する<br>2d7：的中時、次のRに出血1を付与<br>2d5：的中時、次のRに出血1を付与	静かな霧	斬撃：色欲<br>使用時：次のRに出血保護3を得る<br>2d10<br>3d5：的中時、次のRに出血1を付与	なし	なし	雲の破裂	斬撃：憤怒<br>戦闘開始時：保護1を得る<br>マッチ勝利時：次のRに保護1を得る<br>5d2+2：的中時、次のRに麻痺1を付与<br>5d2+2：的中時、次のRに出血2を付与	なし	なし	なし	なし	なし
3	剣契殺手Aの人格	剣契	114	48	1d7	抵抗	弱点	普通	なし	共に吸う息	傲慢 x2 共鳴	なし	自分がスキルで呼吸を得るとき、呼吸が最も少ない味方1名に呼吸2を付与	反撃-初生	斬撃反撃：憤怒<br>2d7：的中時、呼吸4を得る<br>2d4	なし	なし	抜剣	斬撃：傲慢<br>使用時：呼吸2を得る<br>2d7<br>2d8：的中時、呼吸3を得る	なし	なし	剣軌	斬撃：嫉妬<br>自分の呼吸が7以上ならスキル威力+1<br>使用時：呼吸2を得る<br>2d8：クリティカルダメージ量+3<br>2d8：クリティカルダメージ量+3	連斬	斬撃：憤怒<br>マッチ勝利時：このRでクリティカル成功時、呼吸を消費しない<br>マッチ敗北時：次のRにパワー2を得る<br>2d7：的中時、呼吸2を得る<br>2d7：的中時、呼吸1を得る<br>2d9：的中時、呼吸1を得る	なし	なし	骨断	斬撃：傲慢<br>自分の呼吸が10以上ならクリティカルダメージ量+5<br>2d13	なし	なし	なし	なし	なし
4	剣契殺手Bの人格	剣契	125	50	1d6	抵抗	普通	弱点	なし	殺手	傲慢 x4 保有	なし	マッチ勝利時、呼吸2を得る	殺主	斬撃反撃：傲慢<br>1d15：クリティカルダメージ量+7	なし	なし	撃勢	斬撃：傲慢<br>マッチ勝利時：呼吸6を得る<br>2d9：クリティカルダメージ量+5	なし	なし	処断	斬撃：憤怒<br>自分の呼吸が7以上ならスキル威力+2<br>使用時：呼吸2を得る<br>4d3：的中時、呼吸2を得る。クリティカルダメージ量+3<br>5d2+1：的中時、呼吸2を得る	切動	斬撃：怠惰<br>自分の呼吸が7以上ならスキル威力+2<br>戦闘開始時：両隣の味方に呼吸2を付与<br>6d2<br>6d2：クリティカルダメージ量+4	なし	なし	異面賛刺	斬撃：嫉妬<br>呼吸5ごとにスキル威力+1（最大2）<br>6d2：クリティカルダメージ量+1<br>6d2：クリティカルダメージ量+1<br>7d2：クリティカルダメージ量+4	なし	なし	なし	なし	なし
5	南部親指ソルダートIIの人格	親指	121	58	1d8	弱点	普通	抵抗	15	階級と尊重	傲慢 x3 保有	なし	銃撃ダイスではない攻撃ダイスを3回的中させるごとに、保有弾丸数を1回復	鉄の防御	防御：傲慢<br>2d10	なし	なし	銃剣術	斬撃：暴食<br>このスキルは捨てても選択欄から除去されない<br>使用時：1d3を振りランダムな弾丸へと[弾倉変換]（[徹甲弾]、[氷結弾]、[火炎弾]）<br>2d7：的中時、次のRに出血2を付与<br>2d6<br>2d4<br>2d4	なし	なし	牽制射撃	打撃：憂鬱<br>このスキルが捨てられたならマッチ中に対象の受ける出血ダメージ量+2<br>使用時：ランダムなスキルを1つ捨てる。捨てたスキルが戦術1ならばマッチ威力+1<br>3d7：銃撃。的中時、弾丸を1消費し次のRに出血3を付与<br>2d9：銃撃。的中時、弾丸を1消費	衝撃弾	打撃：傲慢<br>このスキルが捨てられたなら保有弾丸数を2回復<br>使用時：ランダムなスキルを1つ捨てる。捨てたスキルが戦術1ならばスキル威力+1<br>5d3：銃撃。的中時、弾丸を1消費し固定SANダメージを6<br>3d5：銃撃。的中時、弾丸を1消費し次のRに脆弱2を付与	なし	なし	火力集中	斬撃：嫉妬<br>このスキルが捨てられたなら弾丸消費量が1増加し弾丸効果が2倍になる<br>使用時：ランダムなスキルを2つ捨てる<br>4d5：銃撃。的中時、弾丸を1消費し次のRに脆弱1を付与<br>3d7：銃撃。的中時、弾丸を1消費	なし	なし	なし	なし	[弾丸-徹甲弾]<br>銃撃ダイスでマッチする時、対象のマッチ威力-1<br>消費することで特定戦術の能力が向上<br><br>[弾丸-氷結弾]<br>銃撃ダイスで攻撃的中時、次のRに武装解除1を付与<br>銃撃ダイスでマッチ勝利時、次のRに麻痺1を付与<br>消費することで特定戦術の能力が向上<br><br>[弾丸-火炎弾]<br>銃撃ダイスで攻撃的中時、火傷2を付与<br>消費することで特定戦術の能力が向上
6	東部親指ソルダートIIの人格	親指	125	50	3d2	弱点	抵抗	普通	15	規律執行	怠惰 x4 保有	舞台開始時、自分の弾丸を[灼熱推進弾]へと[弾倉変換]	前のRに敵を混乱させたなら、的中時、振動2を付与	鉄の防御	防御：傲慢<br>2d10	なし	なし	銃剣術【爆】	斬撃：色欲<br>使用時：対象の振動と火傷の合計が15以上ならこのスキルの最後のダイスを破壊不能ダイスに変更<br>2d4<br>2d6<br>2d8：的中時、[振動爆発]。振動を3消費	なし	なし	親指へ尊重を。	貫通：怠惰<br>使用時：対象の火傷と振動の合計7ごとにスキル威力+1（最大2）<br>3d4：的中時、振動2を付与<br>4d4：的中時、振動2を付与	灼熱突き	貫通：憤怒<br>使用時：対象の火傷と振動の合計7ごとにスキル威力+1（最大2）5d3：的中時、火傷3を付与<br>2d10：的中時、火傷3を付与	なし	なし	推力集中	斬撃：憤怒<br>使用時：対象の火傷と振動の合計7ごとにスキル威力+1（最大2）<br>8d2：的中時、弾丸を1消費し振動3と火傷3を付与<br>8d2：的中時、弾丸を1消費し[振動爆発]。対象の振動を1消費対象の振動を振動-灼熱へと[振幅変換]	なし	なし	なし	なし	[弾丸-灼熱推進弾]<br>弾丸を消費するダイスのダメージ量+2。<br>自分の速度が6以上なら追加でダメージ量+3<br>消費することで特定戦術の能力が向上
7	人差し指遂行者：【紙片】の人格	人差し指	120	55	2d3+1	抵抗	普通	弱点	なし	指令[紙片]	怠惰x1 傲慢x1 憂鬱x1 保有	R開始時、ランダムな敵1名に[指令対象]を付与。<br>[指令の印]スキルが存在しないなら、戦術スキル0~4からランダムに1つを[指令の印]スキルに指定する。<br>以下の行動1回につき、[指令の加護]1を得て（1Rに最大3）、SANを3回復（最大9）する。<br>・[指令の印]スキルの使用時<br>・[指令の印]スキルで攻撃後<br>・[指令対象]に攻撃後<br>これらを1つも達成できなかった場合、R終了時に[カルマ]1を得る。<br>混乱・行動不能・E.G.O侵蝕状態・[指令の加護]が9ならカルマを得ない	攻撃的中時、[指令の加護]の数3ごとに沈潜1を付与	信心	斬撃反撃：憂鬱<br>[指令の加護]3につきダメージ量+1<br>戦闘開始時：バリア20を得る。[カルマ]の数だけ得るバリアの数-2<br>2d7<br>2d7：的中時、沈潜1を付与<br>2d9：的中時、沈潜2を付与	なし	なし	遂行者の剣 	斬撃：怠惰<br>このスキルが[指令の印]スキルなら、マッチ威力+3、ダメージ量+2<br>使用時：呼吸2を得る<br>マッチ開始時：マッチ威力-2<br>7d2：的中時、呼吸2を得る<br>2d9：的中時、沈潜1を付与。クリティカル的中時、沈潜2を付与	なし	なし	処刑	斬撃：嫉妬<br>このスキルが[指令の印]スキルなら、スキル威力+1、最初のダイスのダメージ量+4<br>使用時：呼吸3を得る<br>敵討伐時：呼吸8を得る<br>5d2+3：クリティカルダメージ量+4<br>2d7+1：的中時、、対象の沈潜の数だけ沈潜ダメージを与える	指令遂行 	斬撃：傲慢<br>このスキルが[指令の印]スキルなら、スキル威力+2<br>使用時：呼吸4を得る<br>4d3：的中時、呼吸1を得る<br>4d3：的中時、沈潜1を付与<br>2d8：的中時、沈潜1を付与。クリティカル的中時、沈潜2を付与	なし	なし	指令の向かう処 	斬撃：憂鬱<br>このスキルが[指令の印]スキルなら、スキル威力+4<br>戦闘開始時：[指令の加護]が6以上なら、このスキルの全ダイスを破壊不能ダイスに変更<br>使用時：呼吸1を得る。[指令の加護]の数だけ追加で呼吸を得る<br>2d5：的中時、呼吸2を得る<br>2d5：的中時、沈潜1を付与<br>2d7：[指令の加護]の数だけダメージ量増加。的中時、沈潜２を付与。クリティカル的中時、沈潜2を付与	なし	なし	なし	なし	[指令対象] 最大1 中立バフ<br>人差し指所属人格の数に関係なく、毎R敵1名にのみ付与される。<br>R終了時、除去<br><br>[指令の加護] 最大9 バフ<br>数値/3だけダメージ量増加、数値が9ならマッチ威力+1<br><br>[カルマ] 最大20 デバフ<br>数値/2だけ被ダメージ量増加（最大10）<br><br>[指令の印] 特殊処理<br>使用されたなら、指令の印スキルでなくなる
8	中指末弟・末妹の人格	中指	120	50	1d7	弱点	普通	抵抗	なし	中指は忘れない	嫉妬 x4 保有	前のRに味方へスキルで最も多くダメージを与えた対象に、[仕返し対象]1を付与	対象が[仕返し対象]状態ならスキル威力+1。<br>自分が3回以上対象から攻撃を受けたなら次のRに嫉妬ダメージ量増加3を得る	お返し	打撃反撃：嫉妬<br> 5d2：的中時、麻痺2を付与<br>2d8	なし	なし	みぞおちを殴る	打撃：憤怒<br>2d8：的中時、麻痺1を付与	なし	なし	頭を打つ	打撃：暴食<br>使用時：対象が[仕返し対象]なら脆弱1を付与<br>2d9<br>2d6：的中時、虚弱1を付与	義理の鎖	打撃：嫉妬<br>戦闘開始時：両隣の味方に嫉妬威力増加1を付与<br>5d2：的中時、次のRに出血1を付与<br>5d2：的中時、次のRに出血1を付与	なし	なし	苦痛を刻む	打撃：嫉妬<br>嫉妬共鳴数が3以上ならスキル威力+1。4以上ならさらに+1<br>4d3<br>5d2：的中時、[仕返し対象]なら次のRに嫉妬脆弱3を付与<br>5d2：的中時、[仕返し対象]なら次のRに虚弱2を付与	なし	なし	なし	なし	[仕返し対象] 最大1 中立バフ<br>中指の特定能力が上昇。<br>R終了時に消滅
9	薬指点描派 スチューデントの人格	薬指,点描派	108	54	1d8	弱点	抵抗	普通	なし	血点描画	色欲 x2 共鳴	なし	出血状態の対象へ攻撃的中時、SAN を2回復	回避	回避：色欲<br>8d2	なし	なし	スケッチ	貫通：色欲<br>2d5：的中時、次のRに出血1を付与<br>2d4：的中時、次のRに出血1を付与<br>2d4：的中時、次のRに出血2を付与	なし	なし	上塗り	貫通：憂鬱<br>使用時：対象の出血が5以上ならスキル威力+1<br>4d2<br>4d2<br>4d2：的中時、対象の出血の数だけ固定ダメージを与える（最大30）	血描画	貫通：憤怒<br>2d9：的中時、出血1を付与。対象に既に出血があるならさらに脆弱<br>2d9：マッチ勝利的中時、このダイスを再使用（最大1回）的中時、次のRに出血1を付与	なし	なし	血雫花	貫通：暴食<br>マッチ勝利時：対象に出血があるならSANを10回復対象のデバフの種類だけダメージ量+1（最大5）<br>2d7：的中時、次のRに出血1を付与<br>2d7：的中時、次のRに出血1を付与<br>3d5：的中時、対象の出血が8以上なら出血-裂傷へと[血蓮変換]	なし	なし	なし	なし	なし
10	カジノ警備員の人格	カジノ警備員	115	55	2d2+1	弱点	普通	抵抗	なし	牽制	憤怒 x4 保有	なし	お互いの速度が同じならマッチ威力+2	耐える	防御：憤怒<br>6d2：守備時、振動2を付与<br>5d2：守備時、振動2を付与	なし	なし	動くな！	打撃：怠惰<br>2d8：的中時、対象の振動が10以上なら[振動爆発]。振動を3消費[振動爆発]が発動したなら次のRに束縛2を付与	なし	なし	侵入者発見	打撃：嫉妬<br>対象の振動6ごとにスキル威力+1（最大2）<br>2d7<br>3d4：的中時、対象の振動5ごとにダメージ量+1（最大5）<br>3d4：的中時、振動2を付与	捕捉	貫通：傲慢<br>マッチ勝利時：振動付与量+1<br>3d5：的中時、振動3を付与<br>3d5：的中時、振動1を付与	なし	なし	おとなしくしてろ	打撃：憤怒<br>5d2：的中時、[振動爆発]。振動を3消費<br>5d2：的中時、[振動爆発]。振動を3消費	なし	なし	なし	なし	なし
11	ぽんぽん派 構成員の人格	ぽんぽん派	110	50	1d6	抵抗	普通	弱点	なし	愉悦	暴食 x2 共鳴	なし	暴食共鳴数x2だけSANを回復	失せろ！	斬撃反撃：嫉妬<br>2d7：的中時、次のRに出血2を付与	なし	なし	首切り	斬撃：嫉妬<br>2d9：的中時、出血1を付与。最大値的中時、次のRに出血4を付与	なし	なし	きらめく願望	貫通：暴食<br>使用時：次のRにパワー2を得る<br>2d7<br>2d7	抉る	斬撃：色欲<br>攻撃後：対象のHPが50％未満ならこのスキルをもう1度使用する（最大1回）<br>3d5<br>3d4：的中時、固定ダメージ3を与える	なし	なし	滅多斬り	斬撃：暴食<br>敵討伐時：このスキルをランダムな敵に再使用（最大1回）<br>2d7：的中時、固定ダメージ2を与える<br>2d7：的中時、固定ダメージ3を与える<br>2d9：的中時、固定ダメージ4を与える	なし	なし	なし	なし	なし
12	マリアッチ構成員の人格	マリアッチ	100	55	2d3	抵抗	弱点	普通	なし	パーティータイム！	憂鬱 x4 共鳴	なし	戦闘開始時、全ての味方のSANを1~5回復。<br>自分のSANが30以上なら呼吸5を得る	エクセレンテ！	回避：憂鬱<br>8d2：回避成功時、SANを5回復	なし	なし	情熱の踊り	斬撃：嫉妬<br>マッチ開始時：対象の沈潜が6以上ならマッチ威力+2<br>2d5：的中時、沈潜2を付与<br>2d4：的中時、沈潜2を付与<br>2d3	なし	なし	ダンス対決	貫通：怠惰<br>使用時：呼吸4を得る<br>3d5：的中時、沈潜1を付与<br>3d5：的中時、沈潜1を付与<br>3d5	興が乗った刺突	貫通：憤怒<br>使用時：呼吸が10以上かつ自分にデバフがあるなら、ランダムにデバフを1つ除去し呼吸を5消費<br>2d9：的中時、沈潜2を付与<br>2d7：的中時、沈潜2を付与<br>2d7：クリティカルダメージ量+3	なし	なし	パニャータパーティ～！	斬撃：憂鬱<br>マッチ開始時：対象の沈潜3ごとにスキル威力+1（最大3）<br>2d7<br>2d9<br>2d9<br>1d8：クリティカル的中時、与えたダメージ量だけSANを回復	なし	なし	なし	なし	なし
13	鉄工会組織員の人格	鉄工会	130	47	1d7	普通	弱点	抵抗	なし	殺伐とした歓迎挨拶	色欲 x3 共鳴	なし	マッチ進行時、対象が出血状態なら、その対象が恐慌で受けるダメージ量+3	目ン玉どけろや？	打撃反撃：憂鬱<br>8d2：的中時、次のRに恐慌2を付与	なし	なし	降り注ぐ悪口	斬撃：憂鬱<br>使用時：ランダムな味方1名のSANを2回復<br>2d7<br>2d7：的中時、固定SANダメージ5を与える	なし	なし	どたまを割っぞ	斬撃：色欲<br>対象が恐慌状態ならスキル威力+2<br>2d10：的中時、次のRに出血3を付与	ブッちぎっちゃる	打撃：嫉妬<br>5d3：的中時、次のRに恐慌2を付与<br>5d3：的中時、次のRに恐慌2を付与	なし	なし	やめぃ！	打撃：怠惰<br>マッチ勝利時：対象の恐慌が10以上なら精神崩壊1を付与<br>3d8：的中時、次のRに麻痺2を付与	なし	なし	なし	なし	なし
14	双鉤海賊団 組員の人格	双鉤海賊団	115	50	1d7	抵抗	弱点	普通	なし	余裕な呼吸	色欲 x3 共鳴	なし	クリティカルダメージ量+1。<br>マッチ勝利時、呼吸5を得る	そこチクッとしないか？	回避：傲慢<br>2d8：回避成功時、対象が出血状態ならSANを4回復	なし	なし	鉤裂き	斬撃：色欲<br>使用時：呼吸3を得る<br>2d8：的中時、次のRに出血2を付与	なし	なし	虜獲	貫通：憤怒<br>使用時：呼吸3を得る<br>6d2：クリティカルダメージ量+2<br>2d3：クリティカルダメージ量+2<br>2d2：クリティカルダメージ量+2	隙を払う	斬撃：傲慢<br>マッチ勝利時：対象の呼吸を吸収（最大10）<br>3d5<br>3d6：クリティカル的中時、次のRに出血3を付与	なし	なし	戦場の喊声	斬撃：色欲<br>戦闘開始時：自分の速度と異なる速度の味方全員から呼吸を吸収（1名ごとに最大3）<br>2d10：クリティカル的中時、次のRに出血3を付与<br>2d8：的中時、出血3を付与。クリティカルダメージ量+1	なし	なし	なし	なし	なし
15	ピークォド号航海士の人格	ピークォド号	117	57	1d7	普通	抵抗	弱点	なし	注入された憎悪と憎しみ	傲慢 x3 共鳴	なし	R終了時、HPが50％未満なら次のRにパワー1を得る	防御	防御：怠惰<br>2d9：守備時、次のRにダメージ量増加1を得る	なし	なし	刺す	貫通：傲慢<br>2d9：マッチ勝利的中時、次のRに出血4を付与	なし	なし	傷口穿ち	貫通：嫉妬<br>マッチ勝利時：呼吸7を得る<br>3d5：的中時、次のRに出血2を付与<br>3d5：的中時、次のRに出血2を付与<br>3d5	闘志の銛	貫通：色欲<br>使用時：[獲物の印]が対象にあるならマッチ威力+2<br>クリティカル成功時：SANを10回復<br>5d2+3：的中時、次のRに出血1を付与し、呼吸1を得る<br>5d2+3：的中時、次のRに出血1を付与し、呼吸1を得る<br>5d2+3：的中時、次のRに出血1を付与し、呼吸1を得る	なし	なし	投擲	貫通：傲慢<br>使用時：呼吸6を得る<br>攻撃後：このスキルを捨てる<br>9d2+4：的中時、次のRに束縛2と脆弱2を付与。クリティカルダメージ量+4	なし	なし	なし	なし	なし
16	デッドラビッツ 構成員の人格	デッドラビッツ	125	50	1d3+2	抵抗	弱点	普通	なし	時間稼ぎ	暴食 x2 共鳴	なし	対象が破裂状態ならマッチ威力+1	反撃	打撃反撃：暴食<br>2d8<br>2d5：的中時、[破裂爆発]。破裂を2消費	なし	なし	バットで殴る	打撃：色欲<br>2d8：的中時、破裂2を付与	なし	なし	打ち落とす	貫通：憤怒<br>マッチ勝利時：破裂3を付与<br>3d3+2<br>4d3+2：的中時、破裂1を付与<br>2d2+3：的中時、[破裂爆発]。破裂を5消費	腹いせ	打撃：嫉妬<br>2d8：的中時、破裂2を付与<br>6d2：的中時、対象の破裂が10以上なら[破裂爆発]。破裂を3消費	なし	なし	打っ付ける	打撃：暴食<br>マッチ開始時：対象の破裂4ごとにスキルd値+1（最大2）<br>2d6<br>2d6<br>2d7<br>2d8：的中時、破裂4とダメージ量減少2を付与	なし	なし	なし	なし	なし
17	20区ユロージヴィ団員の人格	ユロージヴィ	100	46	1d6	抵抗	弱点	普通	なし	皆の成果	怠惰 x3 共鳴	なし	自分以外の味方が[振動爆発]した時、戦術スキル1で追撃（1Rに1回）	防御	防御：怠惰<br>戦闘開始時：自分の振動の2倍だけバリアを得る（最大20）<br>5d2	なし	なし	邪魔するな	打撃：怠惰<br>[結束]<br>使用時：振動2を得る<br>2d4：的中時、対象の振動の数だけ振動を得る	なし	なし	ネジの抜けた奴らめ	貫通：憤怒<br>[結束]<br>結束スキルを使用する自分以外の味方に「的中時、[振動爆発]。振動を5消費」を最後のダイスに付与（重複不可）<br>4d2：的中時、振動1を付与<br>4d2：的中時、振動1を付与<br>4d2：的中時、振動1を付与<br>4d2：的中時、振動1を付与	圧着ぜんまいスパナ	打撃：憂鬱<br>自分の振動5ごとにマッチ威力+1（最大2）<br>5d3：的中時、自分の振動の数だけ対象に振動を付与<br>5d3：的中時、[振動爆発]。振動を5消費	なし	なし	卑劣な時計鎖たちめ！	打撃：傲慢<br>[結束]<br>結束スキルを使用する自分以外の味方全員に振動3を付与（重複不可）<br>3d4<br>3d4<br>3d4<br>3d5：的中時、自分の振動を10消費して振動-反響へ[振幅絡縺]	なし	なし	なし	なし	[結束]<br>結束スキルを使用する時、他の味方が付与する結束効果を得る
18	笑う顔たちの人格	笑う顔	122	48	1d7	普通	普通	普通	なし	煙払い	暴食 x3 共鳴	なし	煙状態の対象に与えるダメージ量+3	隠し刃	マッチ可能斬撃反撃：暴食<br>使用時：煙を2消費しスキル威力+3<br>2d9：的中時、次のRに出血3を付与	なし	なし	煙管	防御：怠惰<br>使用時：煙5を得る<br>2d10<br>2d6	なし	なし	肉卸し	斬撃：憤怒<br>使用時：煙を2消費しスキル威力+1<br>3d6：的中時、次のRに出血1を付与<br>2d5：的中時、対象の煙2ごとに次のRに出血1を付与	煙の軌跡	打撃：色欲<br>使用時：煙3を得る<br>2d9：的中時、煙2を付与<br>2d9：的中時、煙1を付与<br>2d5	なし	なし	深い息遣い	打撃：暴食<br>マッチ開始時：自分の煙の数だけ対象に煙を付与<br>2d12：的中時、対象の煙が9以上なら虚弱2を付与	なし	なし	なし	なし	なし
19	南部ツヴァイ協会 6課フィクサーの人格	ツヴァイ協会	124	48	2d3	弱点	普通	抵抗	なし	あなたの盾	憂鬱 x2 共鳴	なし	両隣の味方に保護1と忍耐2を付与	ガード	防御：憂鬱<br>使用時：[あなたの盾]3を得る<br>8d2	なし	なし	治安維持	打撃：憂鬱<br>マッチ敗北時：保護2を得る<br>6d2	なし	なし	逆襲	打撃反撃：暴食<br>2d7：的中時、振動2を付与<br>2d10：的中時、振動4を付与	制圧	打撃：憤怒<br>戦闘開始時：ランダムな味方2名に[あなたの盾]2を付与<br>マッチ敗北時：振動2を付与<br>3d5：的中時、ダメージ量減少1を付与<br>2d8：的中時、振動3を付与	なし	なし	脳震盪	打撃：怠惰<br>使用時：次のRに挑発値10を得る<br>7d3：的中時、[振動爆発]。振動を2消費	なし	なし	なし	なし	なし
20	南部ツヴァイ協会 5課フィクサーの人格	ツヴァイ協会	112	54	2d3	弱点	普通	抵抗	なし	指定保護	憂鬱 x5 保有	なし	R開始時、前方の味方1名に保護2を付与	ガード	防御：憂鬱<br>使用時：[あなたの盾]3を得る<br>8d2	なし	なし	叩き割る	打撃：怠惰<br>マッチ敗北時：振動2を付与<br>2d8：的中時、振動3を付与	なし	なし	牽制	打撃：色欲<br>戦闘開始時：両隣の味方2名に[あなたの盾]2を付与<br>マッチ敗北時：保護1を得る<br>5d2<br>5d2：的中時、[振動爆発]。振動を2消費	集中防御	打撃：憂鬱<br>使用時：次のRに挑発値6を得る<br>3d5：的中時、振動1を付与<br>3d5：的中時、振動1を付与。対象の振動3ごとに次のRに[あなたの盾]1を得る（最大3）	なし	なし	脅威対象制圧	打撃：憤怒<br>自分の[あなたの盾]が5以上ならスキル威力+2<br>3d4<br>3d4<br>4d4：的中時、[振動爆発]	なし	なし	なし	なし	なし
21	南部ツヴァイ協会 4課フィクサーの人格	ツヴァイ協会	130	45	3d2+1	普通	弱点	抵抗	なし	保護要請受信	怠惰 x5 保有	なし	戦闘開始時、保護1を得る。自分のHPが50％以下なら追加で保護1を得る	ガード	防御：憂鬱<br>使用時：[あなたの盾]3を得る<br>8d2	なし	なし	立ち向かう	斬撃：怠惰<br>使用時：[あなたの盾]2を得る<br>マッチ敗北時：自分の[あなたの盾]の数x2だけバリアを得る<br>2d7<br>2d7	なし	なし	顧客保護	斬撃：嫉妬<br>使用時：最も現在HPが低い味方1名に[あなたの盾]2を付与<br>2d8：的中時、振動1を付与<br>2d8：的中時、振動1を付与<br>2d10：的中時、[振動爆発]。振動を4消費	柔軟な制圧	斬撃：暴食<br>自分の[あなたの盾]が6以上ならマッチ威力+1<br>使用時：次のRに挑発値5を得る<br>2d6：的中時、次のRに[あなたの盾]1を得る<br>2d6：的中時、次のRに[あなたの盾]1を得る<br>3d4<br>3d5：自分の[あなたの盾]が6以上ならダメージ量+3	なし	なし	守護者	斬撃：憂鬱<br>使用時：後方の味方3名に忍耐2と[あなたの盾]3を付与<br>3d4+2<br>3d4+2<br>3d4+2：的中時、振動3を付与	なし	なし	なし	なし	なし
22	西部ツヴァイ協会 3課フィクサーの人格	ツヴァイ協会	122	53	3d2	普通	弱点	抵抗	なし	保護任務開始	怠惰 x5 保有	なし	戦闘開始時、自分の振動4ごとに保護1を得る（最大3）	貴方の盾	マッチ可能防御：怠惰<br>戦闘開始時：次のRに[防御態勢]2を得る<br>使用時：振動3を得る<br>2d9	なし	なし	ツヴァイ騎士団大剣術	打撃：傲慢<br>使用時：次のRに挑発値3を得る<br>マッチ勝利時：振動3を得る<br>2d9<br>2d9：的中時、次のRに武装2を得る	なし	なし	戦闘準備	斬撃：憂鬱<br>戦闘開始時：両隣の味方に武装2を付与マッチ勝利時：振動3を得る<br>3d5：マッチ勝利的中時、自分を除くランダムな味方2名に次のRに忍耐2を付与<br>2d8	制圧	打撃：嫉妬<br>使用時：次のRに挑発値5を得る。<br>[武装解放]<br>マッチ勝利時：振動3を得る<br>2d8：的中時、振動4を付与<br>2d8<br>5d3：的中時、自分の振動6以上なら次のRに虚弱1を付与	なし	なし	守護	打撃：暴食<br>使用時：自分の振動と武装の合計4ごとにダメージ量+1（最大3）。自分が[防御態勢]状態ならさらにダメージ量+2<br>マッチ勝利時：振動3、武装2を得る<br>3d5：的中時、振動2を付与<br>2d9：的中時、振動2を付与<br>8d2：的中時、自分が[防御態勢]状態なら[振動爆発]を2回発動し、振動を5消費	なし	なし	なし	なし	[防御態勢] 最大2 バフ<br>R終了時に1減少<br>この効果を得ると下記の効果が適用<br>・自分の現在の速度の値x3だけ挑発値を得る<br>・R開始時武装3を得る<br>・速度が最低値に固定<br>・ダイスのダメージによってSANが1以下にならない
23	南部シ協会 6課フィクサーの人格	シ協会	120	45	4d2	普通	普通	普通	なし	絆	色欲 x2 保有	なし	R開始時、死亡している味方の数だけパワーと忍耐を得る（最大2）	シの道理	斬撃反撃：色欲<br>使用時：自分のHPが50％以下なら、スキル威力+2<br>5d3	なし	なし	極剣	斬撃：傲慢<br>使用時：自分のHPが50％以下なら、スキル威力+2<br>2d8	なし	なし	懸命の死闘	貫通：色欲<br>使用時：自分のHPが50％以下なら、スキル威力+2<br>2d7：的中時、次のRにクイック2を得る<br>2d9	飛剣	貫通：憤怒<br>使用時：自分の速度が6以上なら、スキル威力+2<br>2d7<br>2d6<br>2d5	なし	なし	閃撃	斬撃：嫉妬<br>使用時：自分のHPを10％減少し対象に与えるダメージ量+3<br>4d4<br>4d4	なし	なし	なし	なし	なし
24	南部シ協会 5課フィクサーの人格	シ協会	120	50	1d7	抵抗	普通	弱点	なし	心構え/疲労	憤怒 x2 共鳴	シナリオ開始時、自分の最大HPの25％のダメージを受ける	憤怒共鳴数だけ次のRにクイックを得る	息を整える	回避：色欲<br>使用時：自分のHPが50％以下なら、スキル威力+2<br>7d2	なし	なし	危機克服	斬撃：嫉妬<br>使用時：自分のHPが50％以下なら、スキル威力+2<br>2d5<br>2d6：的中時、固定ダメージ5を与える	なし	なし	終わりなき戦い	斬撃：憂鬱<br>使用時：自分のHPが25％以下なら、スキル威力+3<br>2d7<br>2d7<br>2d5：的中時、次のRにクイック3を得る	双撃	貫通：憤怒<br>使用時：自分のHPが50％以下なら、このスキルでバフを2倍得る<br>2d9：的中時、呼吸3を得る<br>2d9：的中時、次のRにクイック1を得る	なし	なし	過呼吸	斬撃：色欲<br>現在の速度が9以上ならスキル威力+10<br>18-1d15	なし	なし	なし	なし	なし
25	南部センク協会 5課フィクサーの人格	センク協会	120	54	2d3	普通	抵抗	弱点	なし	エスクリム	傲慢 x2 共鳴	なし	自分が付与した[決闘宣布-○○]を保有する敵に攻撃的中時、次のRにクイックを1得る（1Rに1回）	デフォンシヴ	回避：傲慢<br>8d2：回避成功時、次のRにクイック1を得る（最大2）	なし	なし	ルミーズ	貫通：暴食<br>自分の速度が7以上ならマッチ威力+1<br>使用時：呼吸2を得る<br>2d7：的中時、次のRにクイック1を得る<br>2d7：的中時、次のRにクイック1を得る	なし	なし	マルシュ	貫通：色欲<br>自分の速度が7以上ならマッチ威力+1<br>4d4：的中時、呼吸3を得る<br>3d6：的中時、次のRに束縛2を付与	フレッシュ	貫通：憂鬱<br>使用時：呼吸4を得る<br>2d10：自分の速度が7以上ならクリティカルダメージ量+8	なし	なし	サリュー	貫通：傲慢<br>使用時：対象より速度が高いなら、対象との速度差1ごとにスキルd数+1（最大2）<br>1d9<br>1d10：的中時、対象に[決闘宣布-○○]1を付与	なし	なし	なし	なし	[決闘宣布-○○] 最大1 中立バフ<br>決闘宣布-○○を付与したキャラクターが付与されたキャラクターとマッチ進行時にマッチ威力+1、マッチ回数2ごとにマッチ威力+1（最大3）<br>付与したキャラクターが他の対象にこの効果を付与すれば消滅<br>他のキャラクターの決闘宣布-○○が付与される時は置き換わる
26	西部センク協会 3課フィクサーの人格	センク協会	122	53	2d3	普通	抵抗	弱点	なし	クードロア	傲慢 x4 保有	なし	R終了時、自分の呼吸3ごとに次のRにクイック1を得る（最大2）。<br>通常スキルで攻撃的中時、[集中攻撃-○○]1を付与（1Rに1回）	デフォンシヴ	回避：憂鬱<br>8d2	なし	なし	アレ	貫通：傲慢<br>使用時：呼吸2を得る<br>マッチ勝利時：呼吸5を得る<br>2d9	なし	なし	フォント	貫通：嫉妬<br>自分の呼吸が7以上ならスキル威力+1<br>マッチ勝利時：呼吸2を得る<br>5d3：的中時、破裂4を付与。クリティカルダメージ量+4	ボンナバン	貫通：憤怒<br>マッチ勝利時：マッチ回数2ごとにダメージ量+1（最大5）。次のRにクイック2を得る<br>2d7：的中時、破裂3を付与<br>2d7：的中時、破裂3を付与<br>3d4：クリティカル的中時、[破裂爆発]。破裂を4消費	なし	なし	サリュー	貫通：憂鬱<br>使用時：対象より速度が高いなら、対象との速度差2ごとにスキル威力+1（最大2）<br>3d5：的中時、呼吸1を得る。自分の速度が7以上なら破裂3を付与<br>3d5：的中時、呼吸1を得る。自分の速度が7以上なら破裂3を付与<br>2d8：的中時、呼吸1を得る。自分の速度が7以上なら破裂3を付与<br>2d8：クリティカル的中時、[破裂爆発]。破裂を3消費。クリティカルダメージ量+3	なし	なし	なし	なし	[集中攻撃-○○] 最大3 中立バフ<br>集中攻撃-○○を付与したキャラクターが、付与されたキャラクターへスキル使用時、数値によって下記の効果を得る<br>1：マッチ威力+1<br>2：スキル威力+1<br>3：スキル威力+1、ダメージ量+1<br>集中攻撃-○○が付与されたキャラクターに攻撃を的中させることができなければR終了時に消滅
27	東部センク協会 3課フィクサーの人格	センク協会	119	50	3d2+1	弱点	抵抗	普通	なし	草炎玉球	傲慢 x2 憤怒 x2 保有	なし	R終了時、自分の呼吸3ごとに次のRにクイック1を得る（最大2）。<br>通常スキルで攻撃的中時、[点穴-○○]1を付与（1Rに1回）	軽身法	回避：憤怒<br>8d2	なし	なし	発勁	貫通：暴食<br>自分の速度が対象より2以上高ければスキル威力+1<br>使用時：呼吸3を得る<br>2d8：的中時、火傷1を付与<br>2d8：的中時、火傷1を付与。クリティカル的中時、火傷1を付与	なし	なし	いざ尋常に	貫通：怠惰<br>自分の速度が対象より3以上高ければスキル威力+1<br>使用時：呼吸2を得る<br>4d3+4：クリティカルダメージ量+3	草炎掌	貫通：憤怒<br>マッチ勝利時：呼吸4を得る。対象の[点穴-○○]の数だけ呼吸を追加で得る<br>2d7+2：的中時、呼吸2を得る<br>2d7+2：的中時、火傷2を付与<br>3d5+2：的中時、対象の火傷6ごとに次のRに脆弱1を付与（最大3）	なし	なし	一手頼み申す	貫通：傲慢<br>対象の[点穴-○○]1ごとにダメージ量+2<br>自分の速度が対象より3以上高ければスキル威力+2<br>マッチ勝利時：呼吸5を得る<br>2d8：的中時、火傷1を付与<br>2d8：的中時、火傷1を付与<br>2d8：的中時、火傷1を付与<br>3d7：クリティカルダメージ量が対象の火傷の数だけ増加（最大5）	なし	なし	なし	なし	[点穴-○○] 最大3 中立バフ<br>[点穴-○○]を付与したキャラクターが、付与されたキャラクターへスキル使用時、数値によって下記の効果を得る<br>1：火傷付与量+1<br>2：火傷付与量+1、マッチ威力+1<br>3：火傷付与量+1、スキル威力+1<br>[点穴-○○]の付与された敵に攻撃を的中させることができなければR終了時に消滅
28	南部リウ協会 6課フィクサーの人格	リウ協会	115	55	1d6	普通	弱点	抵抗	なし	一網打尽	憤怒 x3 共鳴	なし	攻撃的中時、対象の火傷が7以上なら火傷1を付与	上蹴り	打撃反撃：憤怒<br>2d8：的中時、火傷1を付与	なし	なし	一点突き	貫通：色欲<br>2d7：的中時、火傷1を付与<br>2d4	なし	なし	突破	打撃：憤怒<br>マッチ勝利時：火傷3を付与<br>5d2<br>5d2：的中時、火傷1を付与	震脚	打撃：色欲<br>3d4：的中時、火傷2を付与<br>2d9：的中時、対象の火傷が6以上ならランダムな敵2名に火傷3を付与	なし	なし	練武掌打	打撃：怠惰<br>対象の火傷が6以上ならダメージ量+2使用時：感情レベルが3以上ならスキル威力+2<br>4d2：的中時、火傷1を付与<br>4d2：的中時、火傷1を付与<br>4d2+1：的中時、火傷1を付与<br>4d2+2：的中時、火傷3を付与	なし	なし	なし	なし	なし
29	南部リウ協会 5課フィクサーの人格	リウ協会	120	50	1d6	普通	弱点	抵抗	なし	炎手撃	憤怒 x2 共鳴	なし	対象の火傷3ごとにダメージ量+1（最大3）	上蹴り	打撃反撃：憤怒<br>2d8：的中時、火傷1を付与	なし	なし	炎絶	斬撃：憂鬱<br>対象の火傷が6以上ならスキル威力+1<br>2d6<br>2d9：的中時、火傷2を付与	なし	なし	激しい花火	打撃：色欲<br>対象の火傷が10以上ならマッチ威力+2<br>8d2：的中時、対象の火傷が5以上なら次のRにパワー1を得る	全面戦争	斬撃：暴食<br>対象の火傷が6以上ならスキル威力+1<br>4d3：的中時、火傷2を付与<br>4d3：的中時、火傷2を付与	なし	なし	紅炎拳	打撃：憤怒<br>使用時：感情レベルが3以上ならスキル威力+2<br>7d2<br>6d3：的中時、対象の火傷が10以下なら火傷の数を2倍にする	なし	なし	なし	なし	なし
30	南部リウ協会 4課フィクサーの人格	リウ協会	120	50	3d2	抵抗	普通	弱点	なし	内なる熱血	憤怒 x3 保有	なし	累計で火傷を10以上付与した時、感情レベル1上昇（1戦闘1回まで発動）。<br>感情レベルが2以上ならスキル威力+1	炎反	斬撃反撃：憤怒<br>被ダメージ直前：対象の火傷の数だけバリアを得る（最大10）<br>2d8<br>2d8：的中時、火傷1を付与	なし	なし	炎斬	斬撃：怠惰<br>対象の火傷が6以上ならスキル威力+1<br>2d7：的中時、火傷1を付与<br>2d7：的中時、火傷1を付与	なし	なし	正面突破	斬撃：憤怒<br>対象の火傷が6以上ならスキル威力+1<br>2d6：的中時、火傷1を付与<br>2d6：的中時、火傷1を付与<br>2d8：対象の火傷2ごとにダメージ量+1（最大5）	速剣	貫通：色欲<br> 4d4 ：的中時、次のダイスに「的中時、次のRにクイック2を得る」を付与<br> 2d8 ：的中時、対象に火傷1を付与	なし	なし	剣の流れ	斬撃：嫉妬<br>使用時：感情レベルが3以上ならスキル威力+2<br>3d4：的中時、火傷1を付与<br>3d4：的中時、火傷1を付与<br>2d8<br>2d8：的中時、[葬炎]	なし	なし	なし	なし	なし
31	南部セブン協会 6課フィクサーの人格	セブン協会	112	52	1d8	弱点	普通	抵抗	なし	五感	暴食 x4 共鳴	なし	マッチ進行時、暴食共鳴数4ごとに対象のダイス威力が1減少	ガード	防御：暴食<br>8d2	なし	なし	リポスト	貫通：暴食<br>マッチ勝利時：破裂2を付与<br>3d4<br>3d6：マッチ勝利的中時、次のRに麻痺2を付与	なし	なし	フレッシュ	貫通：憂鬱<br>対象の破裂5ごとに破裂爆発ダメージ量+2<br>7d2：的中時、[破裂爆発]。破裂を2消費	アン・ガルド	打撃：嫉妬 <br>マッチ開始時：対象の破裂4ごとにマッチ威力+1（最大2<br>） 4d4<br> 3d5 ：的中時、破裂2を付与	なし	なし	ムリネ	打撃：怠惰<br>2d9：的中時、最後のダイスで付与するデバフ量+2<br>2d9<br>2d9：的中時、打撃脆弱1と破裂1を付与	なし	なし	なし	なし	なし
32	南部セブン協会 5課フィクサーの人格	セブン協会	123	50	1d8	弱点	抵抗	普通	なし	弱点把握	暴食 x2 共鳴	なし	一方攻撃時、対象の弱点属性で攻撃するなら破裂付与量+1	退避	回避：暴食<br>8d2：回避成功時、破裂1を付与	なし	なし	リポスト	貫通：暴食<br>マッチ勝利時：破裂2を付与<br>3d4<br>3d6：マッチ勝利的中時、次のRに麻痺2を付与	なし	なし	スラッシュ	斬撃：傲慢<br>マッチ勝利時：対象の破裂2ごとにダメージ量+1（最大4）<br>3d5：的中時、破裂2を付与	アンガジェマン	斬撃：怠惰 <br>マッチ開始時：対象のマッチ威力-1<br> 5d2 ：的中時、破裂1を付与 <br>5d2 ：的中時、破裂2を付与	なし	なし	アルト	斬撃：色欲<br>マッチ開始時：対象のマッチ威力-1。対象の破裂が7以上なら自分のマッチ威力+1<br>5d2：的中時、[破裂爆発]。破裂を4消費<br>5d2<br>5d2：マッチ勝利的中時、次のRに[弱点分析]1を付与	なし	なし	なし	なし	なし
33	南部セブン協会 4課フィクサーの人格	セブン協会	130	45	1d7+1	弱点	抵抗	普通	なし	予測分析	暴食 x3 保有	なし	攻撃前、対象の弱点または脆弱属性で攻撃するなら[武装解放]	前へ出よう	斬撃反撃：色欲<br>5d2：的中時、破裂1を付与<br>5d2：的中時、破裂1を付与	なし	なし	リポスト	貫通：暴食<br>使用時：武装2を得る<br>マッチ勝利時：破裂1を付与<br>3d4<br>3d6：マッチ勝利的中時、次のRに麻痺1を付与	なし	なし	プロファイリング	斬撃：憂鬱<br>マッチ勝利時：対象に破裂2を付与<br>4d3<br>4d3<br>4d3：的中時、[破裂爆発]。破裂を5消費。対象の破裂が7以上なら[弱点分析]1を付与	ディソリューション	貫通：嫉妬 <br>使用時：武装2を得る <br>マッチ勝利時：破裂3を付与<br> 7d2 ：的中時、破裂2を付与。対象の破裂3ごとに固定ダメージ2を与える （最大10）	なし	なし	アルト	斬撃：暴食<br>使用時：対象の破裂3ごとにダメージ量+1（最大3）<br>マッチ勝利時：破裂2を付与<br>2d9<br>2d9：的中時、破裂1を付与<br>5d2+2：的中時、[破裂爆発]。破裂を4消費	なし	なし	なし	なし	なし
34	北部ヂェーヴィチ協会 4課フィクサーの人格	ヂェーヴィチ協会	130	57	1d3+3	普通	抵抗	弱点	なし	迅速配達	暴食 x4 保有	舞台開始時、[デリバリーキャリア]が0の状態で開始する。<br>戦線離脱時、ランダムな味方2名にマッチ威力増加1を付与	戦闘開始時、速度が6以上ならバリアを[デリバリーキャリア]の数x2だけ得る（最大30）	戦略的休憩福祉モード	斬撃反撃：暴食<br>使用時：次のRに[戦線離脱]<br>現在の[デリバリーキャリア]の数を0にする(戦闘中に1回)<br>2d10	なし	なし	デリバリーキャリア-崩壊ナイフ	斬撃：色欲<br>自分の[デリバリーキャリア]10ごとにスキルd値+1<br>使用時：対象の破裂が15以上なら破裂爆発で破裂を消費しない<br>2d9：的中時、[デリバリーキャリア]2を得る。自分の[デリバリーキャリア]が15未満なら[デリバリーキャリア]を追加で1得る<br>2d9：的中時、[破裂爆発]。破裂を3消費	なし	なし	デリバリーキャリア-突破ガジェット	斬撃：暴食 <br>自分のデリバリーキャリア10ごとにスキルd値+1 <br>使用時：対象の破裂が15以上ならスキル威力+1 <br>2d7 ：的中時、破裂2を付与 <br>2d7 ：的中時、破裂2を付与<br> 4d3 ：的中時、デリバリーキャリア3と次のRにクイック2を得る。自分のデリバリーキャリアが15未満ならデリバリーキャリア を追加で1得る	デリバリーキャリア-ガジェット射出	斬撃：憤怒<br> 自分のデリバリーキャリア4ごとにダメージ量+1（最大10） 自分のデリバリーキャリア10ごとにスキルd数+1 <br>5d2 <br>5d2 ：的中時、破裂3を付与。次のRにクイック1を得る。自分の デリバリーキャリアが15以上ならクイックを追加で1得る <br>4d4 ：的中時、対象の破裂5ごとに脆弱1を付与（最大3）	なし	なし	デリバリーキャリア-配達補助	斬撃：暴食<br>自分の[デリバリーキャリア]4ごとにダメージ量+1（最大10）<br>[自分のデリバリーキャリア]10ごとにスキルd値+1<br>使用時：対象の破裂が15以上なら[破裂爆発]で破裂を消費しない<br>3d5：的中時、自分の[デリバリーキャリア]3ごとに破裂1を付与<br>3d5<br>4d3：的中時、[破裂爆発]。破裂を5消費。[デリバリーキャリア]が15以上なら破裂爆発ダメージ量+5。敵討伐時、次のRにクイック2を得る	なし	なし	なし	なし	[デリバリーキャリア] 最大99 中立バフ<br>R開始時に3得る<br>10以上ならクイック2を得る<br>20以上ならマッチ威力増加1、斬撃ダメージ量増加2を得る<br>30以上なら[デリバリーキャリア]の数だけ固定ダメージを受ける（バリア貫通）
35	南部ディエーチ協会 4課フィクサーの人格	ディエーチ協会	130	50	1d5+2	普通	弱点	抵抗	なし	知識の伝道	憂鬱 x4 共鳴	探求した知識1を得る	打撃保護2、バリア15を得る	探求没入	防御：怠惰<br>使用時：[探求した知識]の数x5だけバリアを得る<br>1d10	なし	なし	知識消耗	打撃：憂鬱<br>このスキルが捨てられるとバリアを10、挑発値5を得る<br>使用時：ランダムなスキルを1つ捨てる<br>2d4<br>2d5<br>2d5	なし	なし	無知を明かさん	打撃：暴食<br>このスキルが捨てられると打撃ダメージ量増加2を得る<br>使用時：ランダムなスキルを1つ捨てる。[探求した知識]が2以上ならスキル威力+2<br>2d8：的中時、沈潜3を付与<br>2d8<br>2d8	知識の加護	打撃：嫉妬 <br>このスキルが捨てられるとバリア15を得る<br> 使用時：ランダムなスキルを1つ捨てる。探求した知識が3以上ならスキルd数が1増加し挑発値5を得る<br> 1d10 ：的中時、沈潜1を付与 <br>1d10 ：的中時、沈潜1を付与 <br>1d10 ：的中時、沈潜1を付与<br> 1d10 ：的中時、沈潜1を付与	なし	なし	苦痛に満ちた啓蒙	打撃：怠惰<br>このスキルが捨てられるとパワーを1、バリア10を得る<br>使用時：ランダムなスキルを1つ捨てる。[探求した知識]が3以上ならパワー2を得る<br>2d9：的中時、沈潜1を付与<br>2d9：的中時、沈潜1を付与<br>2d9：的中時、沈潜1を付与<br>2d9：的中時、沈潜1を付与	なし	なし	なし	なし	[探求した知識] 中立バフ<br>数値が最後に捨てられたスキルのランクに変動する<br>ディエーチ協会フィ クサーの特定スキル威力上昇
36	南部ウーフィ協会 4課フィクサーの人格	ウーフィ協会	130	50	1d3+3	抵抗	弱点	普通	なし	厳重な立会い	嫉妬 x3 保有	なし	対象の振動4ごとにダメージ量+1（最大3）	妨害禁止	防御：傲慢<br>2d10：守備時、振動4を付与	なし	なし	履行勧告	斬撃：嫉妬<br>対象の振動が3以上ならスキル威力+1<br>2d8<br>2d8：的中時、振動3を付与	なし	なし	第一警告	斬撃：傲慢<br>対象の振動が6以上ならスキル威力+1<br>4d4：的中時、振動2を付与<br>4d4：的中時、振動2を付与	最終警告	貫通：憂鬱<br> 対象の振動6ごとにスキル威力+1（最大2）<br> 2d10 ：的中時、振動2を付与 <br>2d10 ：的中時、[振動爆発]。振動を5消費	なし	なし	適法執行	貫通：傲慢<br>対象の振動6ごとにスキル威力+1（最大3）<br>2d10：的中時、振動1を付与<br>2d10：的中時、振動1を付与<br>4d4：的中時、対象の振動が20以上なら振動-崩壊へ[振幅変換]	なし	なし	なし	なし	なし
37	バラのスパナ工房 A の人格	バラのスパナ工房	120	55	1d8	抵抗	弱点	普通	なし	鋸刃稼働	暴食 x2 共鳴	なし	対象が振動状態ならスキルで付与する破裂+1	稼働開始	防御：暴食<br>使用時：充電3を得る。次のRから[振動同化]1を得る<br>7d2	なし	なし	エンジン始動	斬撃：暴食<br>使用時：充電4を得る<br>2d7：的中時、振動1を付与<br>2d8：的中時、破裂1を付与し、[共振]2を得る	なし	なし	チェーン潤滑	斬撃：嫉妬<br>使用時：充電3を得る<br>6d2+1：的中時、振動2と破裂1を付与	共振稼働	斬撃：傲慢<br> 使用時：充電2、共振4を得る<br> 2d9 <br>2d9 ：的中時、[振動爆発]。振動を4消費	なし	なし	切り刻む	斬撃：怠惰<br>使用時：充電を3ずつ消費し対象に破裂1を付与（最大5回）<br>5d2：的中時、[破裂爆発]。破裂を2消費<br>5d2：的中時、[破裂爆発]。破裂を2消費<br>2d9：的中時、対象の振動が5以上なら破裂3を付与	なし	なし	なし	なし	なし
38	バラのスパナ工房 B の人格	バラのスパナ工房	120	55	3d2	普通	弱点	抵抗	なし	振動加速	憂鬱 x3 保有	なし	戦闘開始時に充電を3消費して対象に攻撃が連続で4回的中した時、対象に振動3を付与する。<br>既に振動が付与されているなら[振動爆発]振動を3消費し、次のRにパワー2を得る	余熱	防御：怠惰<br>使用時：充電3を得る。次のRから[振動同化]1を得る<br>7d2	なし	なし	エンジン始動	打撃：憂鬱<br>使用時：充電4を得る<br>2d9：的中時、振動3を付与し[共振]2を得る	なし	なし	振動増幅	打撃：傲慢<br>使用時：充電2を得る<br>6d2<br>6d2：的中時、対象の振動が5以上なら次のRに虚弱1を付与	振動圧着	打撃：嫉妬<br> 5d2 ：的中時、対象の振動5ごとに次のRにクイック1を得る（最大2）<br> 5d2 ：的中時、対象の振動5ごとに共振1を得る（最大5）	なし	なし	仕上げの加速	打撃：怠惰<br>対象の振動が10以上ならスキル威力+2<br>2d9：的中時、対象の振動3ごとに追加ダメージ+1（最大5）<br>2d9：的中時、対象の振動3ごとに固定ダメージ1（最大5）<br>2d9：的中時、対象の振動3ごとに固定ダメージ1（最大5）<br>1d25：的中時、[振動爆発]。振動を5消費。充電を全て消費して消費した充電の数x2だけSANダメージを与える	なし	なし	なし	なし	なし
39	ロジック・アトリエ所属フィクサーの人格	ロジック・アトリエ	120	55	1d7	弱点	抵抗	普通	6	弾丸補給	傲慢 x5 保有	なし	スキルを1つ捨てる度に弾丸を1回復	無限大の弾丸	防御：傲慢<br>戦闘開始時：ランダムなスキルを2つ捨てる<br>8d2：守備時、弾丸2回復	なし	なし	ドルターニャ	貫通：傲慢<br>このスキルが捨てられたなら破裂付与量+1<br>使用時：ランダムなスキルを2つ捨てる<br>2d9：銃撃。的中時、弾丸を1消費し破裂2を付与<br>3d4：銃撃。的中時、弾丸を1消費し破裂2を付与	なし	なし	シェルボストン	打撃：嫉妬<br>このスキルが捨てられたなら破裂付与量+1<br>使用時：ランダムなスキルを2つ捨てる<br>8d2：銃撃。的中時、弾丸を1消費し[破裂爆発]。破裂を3消費	ロジック・アトリエ	貫通：憤怒<br> このスキルが捨てられたならパワー1を得る <br>使用時：前のRで捨てたスキルの数だけスキル威力増加（最大 3）。ランダムなスキルを1つ捨てる<br> 2d7 ：銃撃。的中時、弾丸を1消費し破裂2を付与<br> 2d7 ：銃撃。的中時、弾丸を1消費し破裂2を付与 <br>6d3 ：銃撃。的中時、弾丸を1消費し次のRに破裂脆弱3を付与	なし	なし	一弾集中	貫通：傲慢<br>使用時：ランダムなスキルを3つ捨てる。前のRで捨てたスキルの数だけスキル威力増加（最大3）<br>25-1d20：銃撃。的中時、弾丸を2消費し[破裂爆発]。破裂を10消費。前のRで捨てたスキルの数x2だけ破裂消費量減少	なし	なし	なし	なし	なし
40	ワザリングハイツバトラーの人格	ワザリングハイツ	120	50	1d8	普通	抵抗	弱点	なし	バトラー式対応	憂鬱 x3 保有	なし	マッチ勝利時、沈潜3を付与	防御	防御：憤怒<br>このスキルが使われなかったらSANを10回復<br>2d9	なし	なし	掃除開始	斬撃：憂鬱<br>2d8<br>2d8：的中時、沈潜3を付与。最大値的中時、次のRに束縛4を付与	なし	なし	押収	打撃：傲慢<br>戦闘開始時：両隣の味方のSANを8回復<br>4d4：的中時、次のRに麻痺2を付与<br>3d5：的中時、沈潜1を付与	招かざる客の出迎え	打撃：色欲マッチ勝利時：次のRにd値強化1を得る<br>マッチ敗北時：沈潜5を得る<br>2d9+1：的中時、沈潜5を付与<br>2d9+1	なし	なし	接客道二式 拘束	打撃：憤怒<br>使用時：対象の沈潜5ごとに、スキル威力+1（最大2）<br>2d7：的中時、次のRに束縛1と脆弱1を付与<br>2d7：的中時、次のRに束縛1と脆弱1を付与<br>2d8：的中時、対象の沈潜が8以上ならこのダイスを再使用（最大1回）。最大値的中時、沈潜6を付与	なし	なし	なし	なし	なし
41	エドガー家バトラーの人格	エドガー家	114	55	3d2+1	弱点	抵抗	普通	なし	積もった埃を払う	憂鬱 x5 保有	なし	クリティカル的中時、付与するデバフが1増加	回避	回避：憂鬱<br>2d9：回避成功時、SANを5回復	なし	なし	反らし打ち	打撃：傲慢<br>使用時：呼吸5を得る<br>2d9：的中時、次のRに沈潜2と脆弱1を付与	なし	なし	阻止術	斬撃：嫉妬<br>使用時：対象より速度が高ければSANを5回復<br>5d2+2：的中時、次のRにクイック2を得る<br>5d2：的中時、次のRに麻痺1を付与	動作制圧	斬撃：暴食<br>マッチ勝利時：対象より速度が高ければ斬撃脆弱2を付与<br>4d3：的中時、呼吸2を得る<br>4d3：的中時、呼吸2を得る<br>2d8+1：的中時、沈潜3と脆弱1を付与	なし	なし	胴体束縛術	打撃：憂鬱<br>使用時：対象より速度が高ければ、マッチ威力+2<br>7d2+2：的中時、出血5を付与。次のRに脆弱1を付与	なし	なし	なし	なし	なし
42	マルチクラック事務所フィクサーの人格	マルチクラック事務所,機械融和生命体	120	54	2d3	普通	弱点	抵抗	なし	義体モデル-L37	嫉妬 x5 保有	充電を10消費するごとに電圧1を得る	R開始時に充電が8未満なら虚弱1を得て、9以上ならマッチ威力増加2を得る	充電	防御：嫉妬<br>使用時：充電4を得る<br>7d2<br>5d2	なし	なし	40-S2稼働	斬撃：憤怒<br>使用時：充電を5消費しスキル威力+2<br>2d8：的中時、充電2を得る<br>2d8：的中時、充電2を得る	なし	なし	銛の標識	打撃：嫉妬<br>使用時：充電が5以上10未満なら、充電が10になるまで、充電1を得てHPが4減少する<br>攻撃前：充電を10消費してスキル威力+3<br>4d3：的中時、充電を消費したなら脆弱2を付与<br>4d3：的中時、充電を消費したなら脆弱2を付与<br>4d4：的中時、次のRにHP回復量減少2を付与	光電銛	斬撃：憂鬱<br>電圧2ごとにスキル威力+1（最大3）<br>5d2<br>5d2<br>5d2+1：的中時、自分の電圧1ごとに充電3を得る（最大9）<br>5d2+1：的中時、自分の電圧の数だけ次のRに[光電]を付与（最大3）	なし	なし	40Y-3 充電	打撃：傲慢<br>4d2+2：的中時、5+電圧の数だけ充電を得る（最大9）<br>4d3：的中時、5+電圧の数だけ充電を得る（最大9）<br>4d3<br>2d10：的中時、次のRに嫉妬脆弱1を付与。自分の電圧の数だけ追加付与（最大3）	なし	なし	なし	なし	[光電] 最大3 デバフ<br>[1R] 被ダメージ時、攻撃者の充電が光電の数だけ増加（スキルごとに1回）
43	牙狩事務所フィクサーの人格	牙狩事務所	125	50	1d4+1	普通	弱点	抵抗	なし	過激な狩猟術	暴食 x3 保有	なし	攻撃的中時、10％の確率で破裂3を付与	止血	防御：嫉妬<br>戦闘開始時：このRの間、出血が付与されない<br>7d2<br>5d2	なし	なし	振り下ろす	打撃：暴食<br>対象の破裂が6以上ならダメージ量+2<br>5d2+2：的中時、破裂2と脆弱1を付与	なし	なし	傷を抉る	打撃：嫉妬<br>対象の破裂が6以上ならスキル威力+1<br>4d3：的中時、破裂2を付与<br>4d3：的中時、HP回復量減少2を付与。[破裂爆発]。破裂を4消費	骨を折る	打撃：傲慢<br>マッチ勝利時：破裂2を付与<br>3d5：対象が血鬼または血袋なら的中時、破裂10を付与<br>3d5+2：的中時、[破裂爆発]。破裂を10消費	なし	なし	狂的な狩りの〆	打撃：憤怒<br>対象が血鬼または血袋ならスキルd値+2<br>使用時：対象の破裂が10以上ならこのスキルで与える[破裂爆発]で破裂を消費しない<br>4d4：的中時、破裂2と脆弱1を付与。[破裂爆発]。破裂を7消費<br>4d4：的中時、破裂3を付与。[破裂爆発]。破裂を7消費<br>4d4：的中時、[破裂爆発]。破裂を7消費	なし	なし	なし	なし	なし
44	炎拳事務所フィクサーの人格	炎拳事務所	130	45	3d2	弱点	普通	抵抗	なし	12 区特性工房燃料力	憤怒 x3 共鳴	[12区産燃料]を100得て舞台開始。<br>数値が50以下の間は[12区産燃料]が[過熱燃料]になる	対象の火傷3ごとにダメージ量+1（最大5）	姐さんの分がまだだ	マッチ可能打撃反撃：憂鬱<br>戦闘開始時：[12区産燃料]100を得る<br>2d9：的中時、火傷2を付与	なし	なし	火炎放射	打撃：色欲<br>2d8：的中時、火傷2を付与<br>2d8：的中時、[12区産燃料]を25消費し火傷4を付与	なし	なし	過熱拳	打撃：色欲<br>マッチ開始時：対象が火傷状態ならマッチ威力+1。対象が血鬼または血袋ならさらに+1<br>6d2：的中時、火傷3を付与<br>6d2：的中時、火傷3を付与	焼き尽くす	打撃：憤怒<br>対象の火傷が6以上ならスキル威力+1<br>[12区産燃料]を消費するとき、ダメージ量+1<br>[過熱燃料]状態なら代わりにダメージ量+3<br>3d7：的中時、火傷1を付与。[12区産燃料]を10消費し火傷が最も少ない敵2名へ火傷3を付与<br>2d10：的中時、火傷1を付与。[12区産燃料]を10消費し火傷が最も少ない敵2名へ火傷3を付与	なし	なし	炎拳	打撃：憤怒<br>対象の火傷が8以上ならスキル威力+2<br>使用時：[12区産燃料]を最大25消費し消費した[12区産燃料]5ごとにダメージ量1増加。[過熱燃料]状態なら消費した燃料2ごとにダメージ量1増加（最大10）<br>攻撃後：対象が死亡するかこのスキルで[12区産燃料]を消費したなら次のRに打撃ダメージ量増加2を得る<br>2d9：的中時、[12区産燃料]を消費したなら火傷3を付与<br>2d9：的中時、[12区産燃料]を消費したなら火傷3を付与<br>2d10：的中時、[12区産燃料]を消費したなら[葬炎]	なし	なし	なし	なし	[12区産燃料] 最大100 中立バフ<br>特定スキル使用時に燃料が消費される<br><br>[過熱燃料] 最大100 中立バフ<br>[過熱燃料]状態で[12区産燃料]を消費時、代わりに[過熱燃料]が消費される<br>この燃料を消費時、[12区産燃料]が消費されたものと判定される
45	鈎事務所フィクサーの人格	鈎事務所	110	47	1d6+1	普通	抵抗	弱点	なし	普及型生体装備	色欲 x5 保有	なし	敵討伐時、次のRにパワー1を得てSANを10回復	素早い	回避：傲慢<br>対象の出血が7以上ならスキル威力+2<br>7d2	なし	なし	追跡	貫通：憤怒<br>自分のクイックが2以上ならスキル威力+1<br>2d7<br>2d7：的中時、次のRに出血1を付与	なし	なし	滅多斬り	貫通：嫉妬<br>対象の出血が4以上ならダメージ量+2<br>5d2：的中時、HPを2回復<br>5d2：的中時、HPを2回復	お先	貫通：色欲<br>使用時：次のRにクイック2を得る<br>4d2+1：的中時、次のRに出血1を付与<br>4d2+1：的中時、次のRに出血1を付与<br>3d4：的中時、自分が対象より速度が高い場合、自分と対象の速度差2ごとに出血1を付与（最大3）	なし	なし	狂乱	貫通：傲慢<br>自分の速度が7以上ならスキル威力+2<br>対象の失ったHP10ごとにダメージ量+1（最大3）<br>2d7：的中時、対象の出血1ごとにSANを1回復（最大10）<br>2d7<br>2d9：的中時、次のRに出血1を付与<br>2d9：的中時、次のRに出血1を付与	なし	なし	なし	なし	なし
46	旧 G社兵士の人格	旧G社	110	50	1d6	抵抗	弱点	普通	なし	因子コード G-3	暴食 x5 保有	なし	攻撃的中時、HPが50％以下なら自分のHPを3回復する	反撃	斬撃反撃：色欲<br>6d2	なし	なし	薙ぎ払う	斬撃：暴食<br>マッチ勝利時：ダメージ量+2<br>2d6：的中時、HPを4回復<br>2d7：的中時、破裂2を付与	なし	なし	四肢切断	斬撃：怠惰<br>対象の破裂が5以上なら破裂爆発ダメージ量+5<br>7d2：的中時、[破裂爆発]。破裂を3消費。マッチ勝利的中時、HPを5回復	引き裂く	斬撃：暴食<br>対象の破裂が5以上ならスキル威力+1<br>2d8：的中時、破裂2を付与<br>2d5：的中時、破裂2を付与<br>2d8：的中時、次のRにHP回復量増加2を得る	なし	なし	内臓抉り	斬撃：色欲<br>対象の破裂が5以上ならスキル威力+1<br>2d7：的中時、[破裂爆発]。破裂を3消費<br>2d7：的中時、[破裂爆発]。破裂を5消費<br>2d7：的中時、[破裂爆発]。破裂を7消費<br>2d9：的中時、与えたダメージ量だけHPを回復（最大20）	なし	なし	なし	なし	なし
47	旧 G社部長の人格	旧G社	120	50	4d2	弱点	抵抗	普通	なし	士気高揚	怠惰 x2 共鳴	なし	次のRにて、現在自分の両隣にいる味方にクイック3を付与	覚悟	防御：怠惰<br>5d2：守備時、次のRにダメージ量増加1を得る	なし	なし	響かせる	貫通：憤怒<br>2d9：的中時、沈潜4を付与	なし	なし	攻撃命令	打撃：暴食<br>使用時：後方の味方1名にパワー1を付与<br>3d5：的中時、後方の味方1名にダメージ量増加2を付与	防御命令	打撃：怠惰<br>使用時：後方の味方1名に保護2を付与<br>2d10：的中時、後方の味方1名に混乱保護3を付与	なし	なし	波動	打撃：憂鬱<br>戦闘開始時：後方の味方3名にダメージ量増加2と沈潜3を付与<br>2d9+6：的中時、沈潜5を付与	なし	なし	なし	なし	なし
48	黒獣-卯の人格	黒獣,黒獣-卯,H社	122	50	3d2+1	抵抗	普通	弱点	なし	黒獣化【卯】	暴食 x3 保有	なし	自分に[脚力【卯】]があるかつ、対象に[呪殺【迅速】]があるならHPダメージ量+3	部分黒獣化	マッチ可能斬撃反撃：暴食<br>自分の速度が対象より高いならスキル威力+1<br>使用時：[脚力【卯】]3を得る<br>2d9：的中時、破裂2を付与	なし	なし	瞬歩	斬撃：怠惰<br>使用時：対象の破裂が4以上ならスキルd値+1<br>2d8：的中時、破裂1を付与<br>2d7：的中時、破裂1を付与。自分の速度が10以上ならこのダイスを再使用（最大1回）	なし	なし	刺殺	斬撃：暴食<br>自分の速度が対象より3以上高ければスキルd値+1<br>一方攻撃時：破裂2を付与<br>3d5：的中時、次のRにクイック1を得る<br>4d4：的中時、[破裂爆発]。破裂を4消費。自分の速度が10以上なら破裂爆発ダメージ量+4	暗撃	斬撃：暴食<br>使用時：対象に[呪殺【迅速】]があるならこのスキルの破裂付与量+1<br>4d3：的中時、破裂2を付与<br>4d3：的中時、破裂1を付与<br>2d9：的中時、破裂1を付与	なし	なし	刻呪殺剣	斬撃：憂鬱<br>自分の速度が対象より高いなら、（対象との速度差x対象の破裂数）5ごとにダメージ量+1（最大5）<br>使用時：対象の破裂が15以上ならスキル威力+2<br>攻撃後：[脚力【卯】]3を得る<br>一方攻撃時：破裂2を付与<br>2d9+2：的中時、破裂1と[呪殺【迅速】]3を付与<br>2d9+2：的中時、破裂1を付与<br>2d10+2：的中時、[破裂爆発]。破裂を4消費。自分の速度が10以上ならこのダイスを再使用（最大1回）再使用的中時、[呪殺【迅速】]3を付与	なし	なし	なし	なし	[呪殺【迅速】] 最大3 デバフ<br>速度が10以上の対象からの破裂爆発時に、破裂が消費される代わりに、[呪殺【迅速】]が1減少<br>数値が0になる時破裂の数だけ暴食ダメージを受けて消滅<br>この効果は更新されない<br><br>[脚力【卯】] 最大3 バフ<br>R終了時、次のRにクイック5を得る<br>R終了時1減少
49	黒獣-巳の人格	黒獣,黒獣-巳,H社	125	50	2d3+1	抵抗	普通	弱点	なし	黒獣化[巳]	暴食 x3 保有	なし	対象に[呪殺【毒】]があるなら、自分の[巳腕]1ごとにダメージ量+1（最大3）	反蹴	マッチ可能防御：暴食<br>戦闘開始時：次のRに[巳腕]3を得る<br>8d2	なし	なし	巳閃	斬撃：傲慢<br>使用時：自分の呼吸と対象の破裂の合計が10以上ならスキルd値+1<br>2d7：的中時、破裂1を付与<br>2d7：的中時、破裂1を付与。クリティカル的中時、自分に[巳腕]があれば破裂3を付与	なし	なし	巳噛腕	斬撃：暴食<br>使用時：自分の呼吸と対象の破裂の合計が10以上ならスキルd値+1<br>マッチ勝利時：呼吸4を得て対象に破裂3を付与<br>3d4：的中時、破裂1を付与<br>3d4：的中時、破裂1を付与<br>2d8：的中時、[呪殺【毒】]5を付与。クリティカル的中時、[破裂爆発]。破裂を4消費	変形伸腕	貫通：嫉妬<br>使用時：自分の呼吸と対象の破裂の合計10ごとにスキル威力+1（最大2）<br>マッチ勝利時：呼吸3を得る<br>4d5：的中時、[破裂爆発]。破裂を2消費。クリティカル的中時、呼吸x5％の確率（最大50％）でこのダイスを1度だけ再使用。再使用的中時、[巳腕]1を得る	なし	なし	絶命巳乱	斬撃：憂鬱<br>広域：対象3体[広域乱射]<br>使用時：[巳腕]3を得る。自分の呼吸と対象の破裂の合計が15以上ならスキルd値+1<br>マッチ勝利時：全対象に破裂3を付与<br>2d9：的中時、破裂3を付与<br>2d9：的中時、破裂3を付与<br>2d9：的中時、[破裂爆発]。破裂を2消費。クリティカル的中時、呼吸x5％の確率（最大50％）でこのダイスを再使用（最大2回）	なし	なし	なし	なし	[呪殺【毒】] 最大5 デバフ<br>クリティカル攻撃で破裂爆発を受けた時にマッチ威力減少1を得て（1Rに3回）、[呪殺【毒】]を1減少<br>[呪殺【毒】]が0になる時、破裂の数だけ暴食ダメージを受けて消滅<br>この効果は更新されない<br><br>[巳腕] 最大3 バフ<br>スキル使用時、対象に破裂があるなら呼吸4を得る<br>R終了時、次のRに呼吸3を得る<br>R終了時1減少
50	黒獣-午の人格	黒獣,黒獣-午,H社	130	50	3d2+1	抵抗	弱点	普通	なし	黒獣化[午]	暴食 x3 保有	なし	下記の条件を満たした時、[敵陣走破]1を得る。<br>・攻撃前に対象よりも速度が3以上高い時<br>・自分のスキルで振動爆発を3回以上発動<br>・[脚力【午】]を保有している状態でマッチ勝利	突撃準備	マッチ可能防御：暴食<br>戦闘開始時：[脚力【午】]3を得る<br>8d2	なし	なし	切り伏せる	斬撃：怠惰<br>使用時：対象の破裂と振動が合計15以上ならスキル威力+1<br>マッチ勝利時：次のRに束縛2を付与<br>2d7<br>2d8：的中時、振動2と破裂1を付与	なし	なし	馬陣粉砕	斬撃：暴食<br>対象の束縛の数だけダメージ量+1<br>自分の速度が対象より2以上高ければスキル威力+1<br>使用時：対象の破裂と振動が合計15以上ならスキル威力+1<br>2d13：的中時、[振動爆発][破裂爆発]。振動2と破裂2を消費	月刀撃	斬撃：嫉妬<br>自分の速度が対象より高ければスキル威力+1<br>自分の[敵陣走破]の数だけダメージ量+1（最大4）<br>使用時：次のRにクイック2を得る<br>2d9+1：的中時、破裂2を付与<br>2d9+1：的中時、[振動爆発]。振動を2消費。対象に[呪殺]がなければ[脳震盪]2を付与	なし	なし	先鋒走破	打撃：暴食<br>自分の速度が対象の速度より高ければスキル威力+2<br>自分の[敵陣走破]の数だけダメージ量+1（最大5）<br>使用時：次のRに[脚力【午】]3を得る。自分の[敵陣走破]が5以上ならこのスキルの全ダイスが破壊不能ダイスに変更される<br>7d2：的中時、振動2と破裂2を付与<br>7d2：的中時、次のRに束縛2を付与。自分の[敵陣走破]が3以上なら追加で1付与<br>8d2：的中時、[振動爆発][破裂爆発]。振動2と破裂2を消費。自分の[脚力【午】]が2以上なら[脳震盪]2を付与	なし	なし	なし	なし	[脚力【午】] 最大3 バフ<br>R終了時、次のRにクイック3と挑発値8を得て数値を1減少<br>攻撃前、振動を現在の[脚力【午】]の数だけメインターゲットに付与<br><br>[敵陣走破] 最大5 バフ<br>R開始時、1ごとにバリア3を得る<br>最大値の場合、スキル威力+1<br>被攻撃前、数値が3以上なら保護1を得る<br><br>[脳震盪] 最大2 デバフ<br>破裂と振動によるHPダメージ・SANダメージが4増加<br>R終了時に1減少
51	黒獣-酉の人格	黒獣,黒獣-酉,H社	120	55	1d8	抵抗	弱点	普通	なし	黒獣化[酉]	暴食 x3 保有	なし	減少HP15ごとにダメージ量増加1を得る（最大3）<br>[血炎]と火傷を得ているなら、憤怒ダメージ量増加2と暴食ダメージ量増加1を得る	鶏窮則殺	マッチ可能斬撃反撃：暴食<br>使用時：次のRに[血炎]3を得る<br>マッチ敗北時：対象と自分に火傷8を付与<br>2d8：的中時、火傷1を付与<br>2d8：的中時、破裂1を付与	なし	なし	燃え上がる血の臭い	斬撃：色欲<br>2d7<br>2d7：的中時、破裂2を付与。過半数的中時、火傷3を付与<br>2d8：的中時、破裂2を付与。過半数的中時、火傷3を付与	なし	なし	酔い暴れる	斬撃：暴食<br>使用時：対象の火傷と破裂の合計が15以上ならスキル威力+2<br>3d5：的中時、[破裂爆発]。破裂を2消費<br>3d5：的中時、[破裂爆発]。破裂2消費<br>2d9：過半数的中時、自分のHPが50％未満ならこのダイスを1度だけ再使用。<br>再使用的中時、このダイスで与えたダメージの半分だけ憤怒ダメージを追加で与える	鬨の声をあげて	斬撃：憤怒<br>自分の減少HP10ごとにダメージ量+1（最大4）<br>使用時：対象の火傷と破裂の合計が15以上ならスキル威力+2<br>マッチ敗北時：対象と自分に火傷8を付与<br>2d12：過半数的中時、自分に[血炎]があるか、自分のHPが50％未満ならこのダイスを1度だけ再使用。再使用的中時、火傷2と破裂1を付与。<br>2d12：過半数的中時、自分に[血炎]があるか、自分のHPが50％未満ならこのダイスを1度だけ再使用	なし	なし	血炎亂舞	斬撃：憤怒<br>広域：対象3体<br>[広域乱射]<br>自分の減少HP10ごとにダメージ量+1（最大4）<br>戦闘開始時：自分に[血炎]があるか、自分のHPが25％未満ならこのスキルの全ダイスが破壊不能ダイスになる<br>使用時：[血炎]1を得る<br>マッチ敗北時：対象と自分に火傷8を付与<br>2d8<br>2d8：的中時、破裂2と火傷2を付与<br>2d8：的中時、破裂1と火傷1を付与<br>2d8+3：的中時、破裂1と火傷1を付与。過半数的中時、烙印1を付与	なし	なし	なし	なし	[血炎] 最大3 バフ<br>基本スキルで敵へ付与する火傷と破裂付与量+1<br>このバフを保有した状態で敵討伐時、SANを10回復、既に自分のSANが最大なら次のRにダメージ量増加2とクイック1を得る<br>R終了時、数値が1減少
52	シー家私兵の人格	シー家,H社	115	50	2d2+1	弱点	普通	抵抗	なし	シー製充電回路	憂鬱 x4 保有	戦闘中、充電を累計で10消費する度に電圧1を得る	R終了時、電圧が3以上なら次のRに脆弱4とダメージ量増加3を得る	充斧流-流れに合わせる	斬撃反撃：憂鬱<br>使用時：充電5を得る<br>7d2<br>7d2：的中時、破裂3を付与	なし	なし	充斧流-割り砕く	斬撃：憂鬱<br>使用時：充電2を得る<br>7d2：的中時、破裂4を付与し充電2を得る	なし	なし	充斧流-巻き砕く	斬撃：嫉妬<br>マッチ開始時：対象が破裂状態なら破裂3を付与<br>2d9：的中時、[破裂爆発]。破裂を5消費。自分の充電が10以上なら充電を3消費し破裂爆発で破裂を消費しない<br>2d9：的中時、[破裂爆発]。破裂を5消費。自分の充電が5以上なら充電を3消費し破裂爆発で破裂を消費しない	充斧流-絡み付く	斬撃：憂鬱<br>使用時：充電5を得る<br>8d2：的中時、破裂1を付与し充電2を得る<br>8d2：的中時、破裂1を付与し充電2を得る	なし	なし	充斧流-破砕	斬撃：暴食<br>使用時：充電を10消費しスキル威力+1<br>マッチ勝利時：破裂3を付与。充電を10消費しているなら追加で破裂2を付与<br>5d2+1：的中時、破裂2を付与<br>5d2+1：的中時、破裂2を付与<br>5d2+2：的中時、[破裂爆発]。破裂を5消費。電圧が3以上なら破裂爆発で破裂を消費しない	なし	なし	なし	なし	なし
53	シュエ家私兵の人格	シュエ家,H社	120	46	1d7	弱点	普通	抵抗	なし	その間の被害	暴食 x3 共鳴	なし	戦闘中にダメージを受けた時、そのRの間与ダメージ量+3。<br>マッチ勝利したなら追加で+2	追い立てる	斬撃反撃：暴食<br>5d2+2：的中時、次のRに出血2を付与	なし	なし	受け斬り	斬撃：暴食<br>マッチ進行時：対象が出血で受けるダメージ量+3<br>2d8	なし	なし	押し斬る	斬撃：怠惰<br>使用時：対象の出血が6以上ならマッチ威力+1<br>3d4+2：的中時、次のRに出血2を付与<br>3d4+2：的中時、次のRに出血2を付与	波斬り	斬撃：憤怒<br>5d2<br>5d2：破壊不能ダイス。対象の出血3ごとにダメージ量+1（最大10）<br>6d2：的中時、次のRに出血3を付与<br>6d2	なし	なし	馬出劫洗	斬撃：傲慢<br>使用時：対象の出血5ごとにスキル威力+1（最大2）<br>2d10：的中時、出血脆弱2を付与<br>5d2+3：破壊不能ダイス	なし	なし	なし	なし	なし
54	ワン家呪殺僧の人格	ワン家,H社	120	50	1d6	弱点	普通	抵抗	なし	慝邪な気	憤怒 x3 共鳴	マッチ敗北時、SANが5減少	[不吉なお札]を付与する時、対象が既に[不吉なお札]を保有しているなら、代わりに対象が保有している[不吉なお札]を3消費し、脆弱2を付与	符霊術-防御	防御：嫉妬<br>戦闘開始時：減少SAN2ごとにバリア1を得る（最大20）<br>11-1d6	なし	なし	符霊術-符撃	打撃：色欲<br>使用時：対象の破裂が4ごとにスキル威力+1（最大2）<br>8-1d4：的中時、破裂2と[不吉なお札]10を付与	なし	なし	符霊術-効力発動	打撃：傲慢<br>使用時：対象の破裂が4ごとにスキル威力+1（最大2）<br>11-1d5：的中時、破裂3と[不吉なお札]10を付与<br>11-1d5：的中時、対象の[不吉なお札]を2消費	符霊術-呪殺人形	打撃：暴食<br>戦闘開始時：減少したSAN15ごとにスキル威力+1（最大2）<br>使用時：対象の破裂が4ごとにスキル威力+1（最大2）<br>12-1d6：的中時、破裂2を付与し対象の[不吉なお札]を5消費	なし	なし	符霊術-邪気爆発	打撃：憤怒<br>戦闘開始時：減少したSAN15ごとにスキル威力+1（最大3）<br>マッチ敗北時：スキル威力-9<br>攻撃後：士気低下状態ならSANを30回復<br>14-1d7：破壊不能ダイス。的中時、破裂3を付与<br>14-1d7：破壊不能ダイス。破壊されず的中時、対象の[不吉なお札]を8消費	なし	なし	なし	なし	なし
55	K社 3級職員の人格	K社	125	45	2d3	弱点	抵抗	普通	なし	回復アンプル注入	暴食 x3 共鳴	なし	戦闘開始時、自分のHPを10回復	アンプル注入	防御：暴食<br>6d2+3：守備時、HPを8回復	なし	なし	挙不者発見	打撃：傲慢<br>6d2：的中時、破裂3を付与	なし	なし	崩壊刃	打撃：暴食<br>2d8：的中時、[破裂爆発]。破裂を2消費<br>2d8：的中時、[破裂爆発]。破裂を4消費	出入り遮断	打撃：憂鬱<br>2d6<br>2d6：的中時、対象の破裂が10以上ならHPを5回復<br>2d7：的中時、対象の破裂が10以上ならHPを5回復<br>2d7：的中時、対象の破裂が10以上なら[破裂爆発]。破裂を3消費	なし	なし	対象摘出	打撃：怠惰<br>現在HPが80％以上ならスキルd値+2<br>1d4+7<br>1d4+7：的中時、破裂3を付与	なし	なし	なし	なし	なし
56	LCCB係長 A の人格	リンバスカンパニー,LCC	125	55	1d6+1	普通	弱点	抵抗	なし	ブリーチング	嫉妬 x2 保有	なし	守備スキルを使用している敵に与える破裂爆発ダメージ量+5	ガード	防御：傲慢<br>7d2<br>3d3	なし	なし	シンプルな打撃	打撃：傲慢<br>2d8：的中時、破裂3を付与	なし	なし	押し上げる	打撃：暴食<br>使用時：対象のHPが25％以下なら、スキル威力+2<br>3d5<br>2d9：的中時、破裂2を付与	刺して割る	貫通：色欲<br>使用時：対象の破裂が10以上なら、スキル威力＋2<br>2d7：的中時、破裂1を付与<br>2d6：的中時、破裂1を付与<br>2d5：的中時、破裂1を付与<br>2d4：的中時、破裂1を付与	なし	なし	特攻制圧	打撃：嫉妬<br>対象がこのRでまだ攻撃でダメージを受けていないなら、スキル威力+2<br>5d2<br>7d2：的中時、[破裂爆発]。破裂を5消費	なし	なし	なし	なし	なし
57	LCCB係長 B の人格	リンバスカンパニー,LCC	132	45	2d3	普通	弱点	抵抗	13	弱点補足	暴食 x3 共鳴	なし	マッチ勝利時、[振動爆発]。振動を1消費	防御	防御：暴食<br>2d10	なし	なし	押し付ける	打撃：暴食<br>使用時：次のRに挑発値4を得る<br>5d2：的中時、振動3を付与	なし	なし	完璧な防御	防御：憤怒<br>8d2<br>8d2<br>2d5	振動弾	打撃：憂鬱<br>4d3：的中時、虚弱1を付与<br>2d8：銃撃。的中時、弾丸を1消費し振動5を付与<br>2d8：銃撃。的中時、弾丸を1消費し振動5を付与	なし	なし	制圧	打撃：傲慢<br>5d3：的中時、[振動爆発]。振動を3消費<br>2d9：銃撃。的中時、弾丸を1消費し破裂4を付与<br>2d9：銃撃。的中時、弾丸を1消費し破裂4を付与<br>2d9：銃撃。的中時、弾丸を1消費し脆弱3を付与	なし	なし	なし	なし	なし
58	LCCB係長 C の人格	リンバスカンパニー,LCC	114	50	2d3	普通	抵抗	弱点	7	作戦開始	暴食 x2 保有	なし	R終了時、呼吸が7以上あればSANを8回復	防御	防御：暴食<br>8d2	なし	なし	押しのける	打撃：色欲<br>使用時：呼吸2を得る<br>2d8：的中時、呼吸2を得る	なし	なし	タイミングを狙う	回避：嫉妬<br>2d9<br>2d7	隠密作戦	打撃：暴食<br>自分の呼吸が7以上ならスキル威力+1<br>2d9：的中時、呼吸2を得<br>る5d2：クリティカル的中時、次のRにダメージ量減少3を付与	なし	なし	発射	貫通：傲慢<br>使用時：呼吸4を得る<br>2d7：クリティカル的中時、呼吸2を得る<br>2d7：クリティカル的中時、呼吸2を得る<br>2d10：銃撃。的中時、弾丸を1消費し振動4と破裂4を付与。クリティカル的中時、振動4と破裂4を付与	なし	なし	なし	なし	なし
59	N社大鎚の人格	N社,N社の狂信者	130	50	1d4	普通	抵抗	弱点	なし	執念の金鎚	憤怒 x3 共鳴	なし	戦闘開始時、自分のHPが50%未満なら自分に付与されたデバフの内1つをランダムに除去	異端審判	貫通反撃：憤怒<br>5d2：的中時、[N社の釘]2を付与	なし	なし	大釘打ち	貫通：傲慢<br>マッチ敗北時：次のRに[狂信]3を得る<br>3d3：的中時、次のRに出血2を付与<br>2d3：的中時、[N社の釘]1を付与<br>2d3	なし	なし	狂的な浄化	打撃：怠惰<br>使用時：次のRに挑発値5を得る<br>マッチ勝利時：[狂信]1を得る<br>4d3：的中時、麻痺2を付与<br>2d10	罪を洗い流さん	打撃：傲慢<br>使用時：次のRに挑発値5を得る<br>3d4：的中時、[N社の釘]2を付与<br>2d9：的中時、出血2を付与	なし	なし	異端抹殺	貫通：憤怒<br>使用時：対象に[N社の釘]があれば、スキル威力+1。対象が機械融和生命体ならばさらにスキル威力+3<br>3d4：的中時、[N社の釘]2を付与<br>3d7：的中時、対象の[N社の釘]1ごとにHPを2回復	なし	なし	なし	なし	なし
60	N社中鎚の人格	N社,N社の狂信者	110	55	1d6	抵抗	普通	弱点	なし	処断の歓び	色欲 x2 保有	なし	敵が死亡した時、次のRにパワー1とダメージ量増加1を得る。<br>自分が対象を倒した時、追加で[狂信]2を得る（1Rに1回）	固い信心	防御：色欲<br>使用時：保護1を得る<br>8d2	なし	なし	忠実な釘打ち	貫通：傲慢<br>2d7：的中時、次のRに出血1を付与<br>2d5：的中時、[N社の釘]1を付与	なし	なし	団結	打撃：色欲<br>マッチ勝利時：SANが最も低い味方2名のSANが5回復し、それがN社の狂信者であれば[狂信]2を付与<br>3d6<br>2d5	治める金槌	打撃：怠惰<br>2d8：的中時、次のRに出血2を付与<br>2d7：的中時、[N社の釘]1を付与<br>2d4：対象の出血が5以上ならダメージ量+3	なし	なし	鉄の断罪	打撃：憤怒<br>対象が機械融和生命体ならばさらにスキル威力+2<br>3d7<br>5d2<br>2d7：的中時、対象の出血を1回発動	なし	なし	なし	なし	なし
61	N社小鎚の人格	N社,N社の狂信者	110	50	2d2+1	抵抗	普通	弱点	なし	満ちゆく信仰	色欲 x3 共鳴	なし	自分に[狂信]があるならSANを5回復	固い信心	防御：色欲<br>使用時：保護1を得る<br>8d2	なし	なし	釘打ち	貫通：傲慢<br>2d7：的中時、[N社の釘]2を付与<br>2d5	なし	なし	異端審判	打撃：色欲<br>マッチ勝利時：次のRに[狂信]1を得る<br>3d6：マッチ勝利的中時、[N社の釘]1を付与<br>2d5：的中時、次のRに出血2を付与	浄化！	打撃：憂鬱<br>5d2+4：的中時、次のRに束縛2を付与	なし	なし	断罪	打撃：憤怒<br>対象が機械融和生命体ならばさらにスキル威力+1<br>3d7<br>5d2<br>2d7：的中時、対象の[N社の釘]が5以上なら、次のRに束縛3を付与	なし	なし	なし	なし	なし
62	R社第四群ウサギチームの人格	R社,第四群,ウサギチーム	100	50	2d3+1	普通	抵抗	弱点	13	草を食む準備	憤怒 x3 共鳴	なし	充電が5以上ならクイック1とパワー1を得る	迅速歩法	回避：憤怒<br>8d2：回避成功時、充電1を得る	なし	なし	草食み	貫通：憤怒<br>2d9：銃撃。的中時、弾丸を1消費<br>2d9：銃撃。的中時、弾丸を1消費<br>2d5：的中時、充電3を得る	なし	なし	刺激圧縮筋力	貫通：憤怒<br>使用時：充電が5以上なら充電を5消費し次のRにクイック2を得る<br>2d10：銃撃。的中時、弾丸を1消費<br>2d10：銃撃。的中時、弾丸を1消費<br>5d2：的中時、[破裂爆発]。破裂を3消費	集中射撃	貫通：暴食<br>速度が7以上ならスキルd値+1<br>3d5：銃撃。的中時、弾丸を1消費し次のRに破裂2を付与<br>3d5：銃撃。的中時、弾丸を1消費し次のRに破裂2を付与<br>3d5：銃撃。的中時、弾丸を1消費し次のRに破裂2を付与<br>2d8	なし	なし	迅速制圧	貫通：嫉妬<br>速度が7以上ならスキルd値+1<br>6d2：銃撃。的中時、弾丸を1消費し脆弱1を付与<br>6d2：銃撃。的中時、弾丸を1消費し脆弱1を付与<br>2d9：的中時、破裂1を付与<br>2d9：的中時、破裂2を付与<br>2d9：的中時、破裂3を付与	なし	なし	なし	なし	なし
63	R社第四群トナカイチームの人格	R社,第四群,トナカイチーム	115	60	2d3	弱点	普通	抵抗	なし	脳波充電収束角	憂鬱 x3 共鳴	なし	戦闘開始時、SANが15減少。<br>憂鬱共鳴数3ごとに次のRにパワー1を得る	エネルギー凝集	防御：憂鬱<br>使用時：充電3を得る<br>7d2	なし	なし	精神加撃	打撃：嫉妬<br>使用時：充電2を得る<br>3d4：的中時、充電2を得て沈潜1を付与<br>3d4：的中時、充電2を得て沈潜1を付与	なし	なし	灼きつける	打撃：嫉妬<br>使用時：充電7を得る<br>7d2：的中時、沈潜3を付与	エネルギー強打	打撃：暴食<br>使用時：自分のSANが50％以下ならダメージ量+3<br>2d9：的中時、充電1を得て沈潜2を付与<br>2d9：的中時、充電1を得て沈潜2を付与<br>4d3	なし	なし	精神の鞭	打撃：憤怒<br>使用時：固定SANダメージ15を受けて充電を全て消費。充電が10未満で使用したなら敵味方識別不可になる<br>5d4：的中時、固定SANダメージ5を与える<br>5d4：的中時、固定SANダメージ5を与える<br>5d3：的中時、固定SANダメージ5を与える<br>5d2：的中時、固定SANダメージ5を与える	なし	なし	なし	なし	なし
64	R社第四群サイチームの人格	R社,第四群,サイチーム	135	45	1d5	抵抗	弱点	普通	なし	硬化外皮	嫉妬 x3 共鳴	なし	R終了時、次のRに充電5ごとに保護1を得る（最大3）	生体電流感応	防御：嫉妬<br>戦闘開始時：自分の充電の数だけバリアを得る<br>8d2	なし	なし	重い衝突	打撃：嫉妬<br>自分の充電が10以上ならスキル威力+1<br>使用時：充電2を得る<br>5d2+1：的中時、充電2を得る	なし	なし	機動訓練	打撃：憤怒<br>戦闘開始時：自分の充電3ごとに次のRに挑発値1を得る<br>2d6+4：的中時、充電1を得る<br>2d6+4：的中時、充電1を得る	壊す	斬撃：憂鬱<br>自分の充電が10以上ならこのスキルの出血付与量+1<br>使用時：充電3を得る<br>2d8<br>2d8：的中時、次のRに出血1を付与<br>2d10：的中時、次のRに出血1を付与	なし	なし	サイの突進	斬撃：色欲<br>使用時：充電が10以上ならスキル威力+2<br>7d2：的中時、次のRに出血1を付与。充電を2消費し、追加で1付与。充電を3消費し、追加で1付与<br>7d2：的中時、次のRに出血1を付与。充電を2消費し、追加で1付与。充電を3消費し、追加で1付与<br>5d2+2	なし	なし	なし	なし	なし
65	T社3級徴収職員の人格	T社	125	50	2d2	抵抗	弱点	普通	なし	ゴールデンタイムⅡ	怠惰x5 保有	舞台開始時、[時間貸与]3を得る	R終了時にHPが最大HPの10~20%なら、HPを最大値の80%まで回復し、混乱状態を解除（最大1回）	時間貸与	防御：怠惰<br>戦闘開始時：[時間貸与]状態でなければ[時間貸与]3を得る<br>2d10	なし	なし	徴収準備	打撃：憤怒<br>使用時：振動4を得る<br>2d9+1：的中時、対象の振動が3以上なら振動3を付与。<br>過半数的中時、振動3を得る	なし	なし	T 社製時間捕縛機	貫通：色欲<br>使用時：振動2を得る<br>4d3：的中時、自分の振動を2消費し次のRに麻痺1と振動2を付与<br>4d3：的中時、自分の振動を2消費し次のRに麻痺1と振動2を付与	そのまま止まってください。	貫通：怠惰<br>使用時：自分の振動が5以上ならマッチ威力+1<br>マッチ勝利時：自分の振動を2消費し、[時間貸与]1を得る<br>2d7+3<br>2d7+3：的中時、自分の振動を2消費し、次のRにマッチ威力減少1を付与。自分の振動が5以上なら、振動-鎖へ[振幅変換]	なし	なし	強制徴収を執行します。	貫通：憤怒<br>使用時：対象の振動4につきスキル威力+1（最大3）<br>4d2+1：的中時、自分の振動を1消費し脆弱1を付与<br>4d2+1：的中時、自分の振動を1消費し振動2を付与<br>4d3：的中時、自分の振動を2消費し振動5を付与<br>4d4：的中時、自分の振動を2消費し[振動爆発]。振動を8消費。与えた振動ダメージが10以上ならこのダイスを再使用（最大1回）。再使用的中時、[時間猶予]1を付与	なし	なし	なし	なし	[時間貸与] 最大3 バフ<br>R終了時<br>次のRにクイック、マッチ威力増加、脆弱（時間貸与の数-1）を得る<br>数値が1なら、R終了時効果の代わりに次のRにて束縛2を得る<br>R開始時、1減少<br>所持しているクイックの数より束縛の数の方が多い場合、時間貸与が消滅して混乱状態になる<br><br>[時間猶予] 最大999 デバフ<br>この効果がある間、あらゆる全てのダメージを受けず、代わりにダメージ量だけ時間猶予の数値が増加<br>[時間猶予]が付与されてから3R経過した時、または[時間猶予]を再度付与された時、またはストックが999になった時、[時間猶予]の数x1.5だけ怠惰ダメージを受け、[時間猶予]の数だけ振動爆発ダメージを受け、消滅
66	T社 2級徴収職職員の人格	T社	120	50	1d6	抵抗	弱点	普通	なし	ゴールデンタイムⅠ	怠惰 x4 保有	なし	HPが30以下かつ5以上ならHPを80％まで回復して混乱状態解除（最大1回）	時間貸与	防御：怠惰<br>戦闘開始時：[時間貸与]状態でなければ[時間貸与]3を得る<br>2d10	なし	なし	徴収検問	打撃：憤怒<br>使用時：振動4を得る<br>2d8：的中時、振動2を付与<br>2d8：的中時、振動2を付与	なし	なし	そこに止まるようお願いします。	打撃：色欲<br>自分の振動が6以上ならマッチd値+1<br>使用時：振動4を得る<br>4d3：的中時、次のRに束縛1を付与。自分の振動が6以上なら追加で振動4を付与<br>4d3：的中時、次のRに束縛1を付与。自分の振動が6以上なら追加で振動4を付与	T社式制圧格闘	打撃：嫉妬<br>対象の振動2ごとにダメージ量+1（最大3）<br>使用時：自分の振動が8以上ならマッチ威力+1。自分の振動が15以上なら次のRにクイック3を得る<br>2d9<br>3d7：的中時、振動3を付与。自分の振動が6以上なら追加で束縛2を付与	なし	なし	強制徴収を執行します。	打撃：怠惰<br>自分の振動5ごとにマッチ威力+1（最大2）<br>使用時：自分の振動3ごとにダメージ量+1（最大5)<br>攻撃後：自分の振動を全て消費<br>2d9+1：的中時、対象の振動が8以上なら次のRに束縛1を付与<br>2d9+1：的中時、対象の振動が8以上なら次のRに束縛1を付与<br>2d9+1：的中時、対象の振動が8以上なら次のRに束縛1を付与<br>2d9+1：的中時、自分の振動が4以上なら[振動爆発]。振動を2減少。対象の振動が15以上なら振動-鎖に[振幅変換]し[時間猶予]1を付与	なし	なし	なし	なし	[時間貸与] 最大3 バフ<br>R終了時<br>次のRにクイック、マッチ威力増加、脆弱（時間貸与の数-1）を得る<br>数値が1なら、R終了時効果の代わりに次のRにて束縛2を得る<br>R開始時、1減少<br>所持しているクイックの数より束縛の数の方が多い場合、時間貸与が消滅して混乱状態になる<br><br>[時間猶予] 最大999 デバフ<br>この効果がある間、あらゆる全てのダメージを受けず、代わりにダメージ量だけ時間猶予の数値が増加<br>[時間猶予]が付与されてから3R経過した時、または[時間猶予]を再度付与された時、またはストックが999になった時、[時間猶予]の数x1.5だけ怠惰ダメージを受け、[時間猶予]の数だけ振動爆発ダメージを受け、消滅
67	W社 2級整理要員の人格	W社	110	50	2d3	普通	抵抗	弱点	なし	次元切断	嫉妬 x5 保有	なし	攻撃的中時、（自分の充電の数）%の確率で固定ダメージ5を与える	プラズマ展開	防御：傲慢<br>戦闘開始時：充電力場3を得る<br>8d2	なし	なし	エネルギー循環	貫通：傲慢<br>使用時：充電4を得る<br>2d7：的中時、充電1を得る<br>2d7：的中時、充電1を得る	なし	なし	整理支援	貫通：嫉妬<br>使用時：自分の充電が10以上なら次のRに充電力場3を得る<br>6d2+1：的中時、破裂2を付与<br>6d2+2：的中時、充電2を得る	エネルギー交流	貫通：憤怒<br>自分の充電8以上ならスキル威力+1<br>3d4：的中時、[破裂爆発]。破裂を2消費<br>3d4：的中時、[破裂爆発]。破裂を2消費<br>2d7：的中時、充電を3消費し、貫通脆弱2を付与	なし	なし	充電力場展開	打撃：暴食<br>戦闘開始時：自分の充電が10以上なら充電を全て消費し、自分を含む現HPが最も低い味方2名に充電力場5を付与<br>5d2<br>5d2<br>7d2：的中時、破裂2を付与	なし	なし	なし	なし	なし
68	W社 3級整理要員の人格	W社	120	50	4d2	普通	抵抗	弱点	なし	急速充電	憂鬱 x3 共鳴	なし	戦闘開始時、現在の憂鬱共鳴数だけ充電を得る	回避	回避：憂鬱<br>8d2：回避成功時、充電1を得る	なし	なし	次元を裂く	斬撃：怠惰<br>使用時：充電2を得る<br>2d7+2：的中時、破裂2を付与。出目が7以上なら充電4を得る	なし	なし	量子跳躍	貫通：憂鬱<br>自分の充電が10以上ならスキル威力+1<br>4d2：的中時、充電3を得る<br>4d2：的中時、充電3を得る<br>2d8：的中時、破裂4を付与	エネルギー循環	貫通：色欲<br>使用時：充電を4消費して破裂付与量+3<br>2d9：的中時、[破裂爆発]。破裂を4消費<br>2d9：的中時、破裂1を付与	なし	なし	空間切断	斬撃：嫉妬<br>使用時：充電をすべて消費する。充電の消費量が10以上ならスキル威力+5、10未満なら30HPダメージを受ける<br>2d5<br>2d5<br>2d5<br>2d5<br>2d5：的中時脆弱3を付与し[破裂爆発]。破裂を3消費	なし	なし	なし	なし	なし
69	ロボトミーE.G.O::狐雨の人格	技術開放連合,E.G.O装備	130	45	1d7	抵抗	普通	弱点	なし	泪の雨	嫉妬 x3 保有	なし	R開始時、沈潜の数だけ保護を得る（最大5）被ダメージ時に次のRにてダメージ量増加1を得る（1Rに3回）	警告	貫通反撃：憤怒<br>15-2d6<br>15-2d6的中時、沈潜5を付与	なし	なし	ひりつく心	打撃：嫉妬<br>使用時：沈潜3を得る<br>10-1d8<br>10-1d8：的中時、沈潜2を付与	なし	なし	棘の生えた追憶	打撃：暴食<br>マッチ勝利時：SANを8回復<br>14-1d10：的中時、沈潜2を付与<br>14-1d10：的中時、沈潜2を付与	泥濘踏み	打撃：憂鬱<br>使用時：自分のSANが50％以下ならスキル威力+3<br>15-1d12：的中時、破裂1を付与<br>15-1d12：的中時、破裂1を付与<br>15-1d12：的中時、破裂1を付与<br>15-1d12：的中時、[破裂爆発]。破裂を5消費	なし	なし	拡がれ！	貫通：怠惰<br>使用時：沈潜8を得る<br>21-1d17：的中時、沈潜4を付与<br>21-1d17<br>21-1d17：的中時、[沈潜殺到]	なし	なし	なし	なし	なし
70	ロボトミーE.G.O::紅籍の人格	技術開放連合,E.G.O装備	120	55	1d6	抵抗	普通	弱点	なし	絡みつく呪いの札	暴食 x2 共鳴	なし	破裂爆発時に対象に次のRにて麻痺3を付与	札の壁	防御：暴食<br>使用時：[呪いの札]2を得る<br>8d2	なし	なし	傷口浮彫	打撃：暴食<br>使用時：[呪いの札]1を得る<br>2d7<br>2d3：的中時破裂2を付与	なし	なし	増殖するお札	打撃：傲慢<br>使用時：[呪いの札]3を得る<br>2d7：的中時、破裂2を付与<br>2d7：的中時、破裂2を付与<br>3d7：的中時、破裂2を付与	縛り付ける呪いの札	打撃：怠惰<br>1d9+10：的中時、[呪いの札]2を得る。最大値的中時、対象に束縛4と虚弱3を付与	なし	なし	破裂符	貫通：色欲<br>5d2+2：的中時、自分の[呪いの札]が9以上なら、自分の[呪いの札]を対象に全て押し付ける<br>7d2：的中時、[破裂爆発]	なし	なし	なし	なし	なし
71	ロボトミーE.G.O::たぷつきの人格	技術開放連合,E.G.O装備	130	40	2d2	抵抗	弱点	普通	なし	満ちる液体	暴食 x3 保有	保有している[高揚]が5以上のとき、[酔い]に変換	攻撃スキルでダメージを与えられなかった場合、次のRにバリア15を得る	液体塞ぎ	防御：暴食<br>使用時：[酔い]が消滅する<br>8d2<br>2d6	なし	なし	制圧液体	打撃：暴食<br>マッチ敗北時：振動3と破裂1を付与<br>2d7：的中時、振動3を付与	なし	なし	爆発する液体	打撃：怠惰<br>使用時：[高揚]1を得る<br>マッチ敗北時：振動1と破裂3を付与<br>6d2+3：的中時、[振動爆発]。振動を4消費	揺れる液体	打撃：憂鬱<br>使用時：[高揚]1を得る<br>マッチ敗北時：振動2と破裂2を付与<br>5d2：的中時、振動2を付与<br>5d2：的中時、振動2を付与	なし	なし	腐食性粘液打撃	打撃：暴食<br>使用時：[高揚]1を得る<br>マッチ敗北時：振動4と破裂4を付与<br>2d10+5：的中時、[振動爆発][破裂爆発]。振動と破裂を6消費	なし	なし	なし	なし	[高揚] 最大10 バフ<br>R開始時、数値だけダメージ量増加1を得る（最大5）<br>[酔い]を持っている限り[高揚]は消滅し、得ることができない。<br><br>[酔い] 最大10 デバフ<br>数値だけ被ダメージ量が減少<br>麻痺を数値だけ持ち越す
72	ロボトミーE.G.O::提灯の人格	ロボトミーコーポレーション,E.G.O装備	125	48	1d5	普通	抵抗	弱点	なし	ガツガツむしゃむしゃ	暴食 x3 保有	なし	自分に挑発値があるならマッチ威力+1	カチカチ鳴る歯	防御：暴食<br>使用時：対象の破裂が6以上ならスキル威力+3<br>8d2<br>2d6	なし	なし	かみ砕く	斬撃：暴食<br>使用時：次のRに挑発値4を得る<br>2d7：的中時、破裂3を付与	なし	なし	発光擬餌	斬撃：色欲<br>使用時：次のRに挑発値6を得る<br>3d5：的中時、破裂1を付与<br>2d8：的中時、破裂1を付与<br>2d8：的中時、破裂1を付与。対象の破裂が4以下なら追加で3付与	ぐるぐるムシャムシャ	貫通：憂鬱<br>使用時：次のRに挑発値8を得る<br>2d6：的中時、破裂3を付与<br>2d7<br>2d7：的中時、HPを10回復。自分のHPが50％未満ならこのダイスを再使用（最大1回）	なし	なし	捕食	貫通：暴食<br>使用時：SANを20減少（この効果でSANが1未満にならない）、自分が士気低下状態なら敵味方識別不可になる<br>2d7：的中時、破裂3を付与。HPを4+挑発値だけ回復<br>2d7：的中時、破裂3を付与。HPを4+挑発値だけ回復<br>2d7：的中時、破裂3を付与。HPを4+挑発値だけ回復<br>2d9：的中時、[破裂爆発]。破裂を7消費	なし	なし	なし	なし	なし
73	ロボトミーE.G.O::後悔の人格	ロボトミーコーポレーション,E.G.O装備	110	50	1d4+1	普通	抵抗	弱点	なし	押し流された後悔	憤怒 x6 保有	なし	マッチ進行時、対象の保有したデバフが3つ以上なら対象のマッチ威力-1	積もらせるわだかまり	打撃反撃：憂鬱<br>使用時：振動5を得る<br>2d6<br>2d5	なし	なし	締め付ける拘束具	打撃：怠惰<br>使用時：振動3を得る<br>マッチ敗北時：振動3を得る<br>2d8：的中時、振動2を得て振動3を付与	なし	なし	縛られた怒り	打撃：憂鬱<br>対象の振動が6以上ならマッチ威力+1<br>2d9：的中時、振動2を得る<br>2d9：的中時、次のRに打撃威力増加1を得る	金属の響き	打撃：傲慢<br>戦闘開始時：自分の振動を5消費し広域指定人数1増加（最大1）<br>使用時：振動3を得る<br>2d7：的中時、次のRにダメージ量減少1を付与<br>2d9<br>2d9：的中時、振動5と麻痺1を付与	なし	なし	解かれた暴力性	打撃：憤怒<br>戦闘開始時：自分の振動を5消費し広域指定人数1増加（最大2）<br>使用時：SANを20減少（この効果でSANが1未満にならない）<br>自分が士気低下状態なら敵味方識別不可になる<br>2d10：的中時、[振動爆発]<br>2d10：的中時、[振動爆発]<br>2d10：的中時、[振動爆発]。振動を5消費	なし	なし	なし	なし	なし
74	ロボトミーE.G.O::魔弾の人格	ロボトミーコーポレーション,E.G.O装備	120	50	1d6	普通	抵抗	弱点	なし	射手のパイプ	傲慢 x3 保有	[魔弾]が0の状態で舞台開始	攻撃前、対象に[黒炎]状態なら火傷の数だけ呼吸を得る	魔弾の対価	防御：傲慢<br>使用時：魔弾1を得る<br>8d2	なし	なし	着火	打撃：憤怒<br>2d8：的中時、次のRに[黒炎]1を付与<br>2d6：的中時、対象の[黒炎]の数だけ火傷を付与	なし	なし	黒化	打撃：嫉妬<br>マッチ勝利時：対象の耐性がこのRの間逆転する（脆弱⇔耐性、弱点⇔抵抗）<br>4d5：的中時、火傷3を付与	魔弾起爆	打撃：傲慢<br>2d9：的中時、[魔弾]が4未満なら[魔弾]1を得て、次のRに[魔弾]の数だけ[黒炎]を付与<br>2d10：的中時、対象の[黒炎]の数だけ火傷を付与	なし	なし	魔弾射撃	貫通：傲慢<br>攻撃前：[魔弾]1を得る。<br>[魔弾]の数x5だけSANが減少する。<br>その後、自分が士気低下状態か混乱状態ならこのスキルは敵味方識別不可になる。<br>現在の魔弾の数-1だけ広域指定人数増加（最大7）<br>攻撃後：[魔弾]の数が7なら0にする<br>15+1d4：的中時、[魔弾]の数だけ[黒炎]を付与	なし	なし	なし	なし	[魔弾] 最大7 中立バフ<br>特定スキル使用によって数値が変動<br><br>[黒炎] 最大7 デバフ<br>R終了時、（数値x自分の火傷）だけ傲慢ダメージを受け、消滅
75	ロボトミーE.G.O::厳粛な哀悼の人格	ロボトミーコーポレーション,E.G.O装備	112	50	2d3	弱点	抵抗	普通	20	救いの手	傲慢 x3 保有	自分の弾丸を[生きた蝶]・[死んだ蝶]へと[弾倉変換]	再装填時、次のRにクイック1を得る	棺より蝶が飛び来む	防御：傲慢<br>戦闘開始時：[再装填]<br>2d5	なし	なし	静けさ	貫通：傲慢<br>マッチ勝利時：沈潜2を付与<br>2d7：銃撃。的中時、弾丸を1消費し[蝶]1を付与<br>2d7：銃撃。的中時、弾丸を1消費し[蝶]1を付与	なし	なし	導く手	打撃：色欲<br>対象が混乱状態ならダメージ量+5<br>4d4：銃撃。的中時、弾丸を2消費<br>3d4：銃撃。的中時、弾丸を2消費<br>2d6：銃撃。的中時、弾丸を2消費	安楽の中へ	貫通：憂鬱<br>自分の弾丸が10以上ならマッチ威力+1<br>マッチ勝利時：沈潜3を付与<br>攻撃後：憂鬱共鳴4以上なら[再装填]<br>5d3：銃撃。的中時、弾丸を5消費し[蝶]5を付与<br>2d9：銃撃。的中時、弾丸を1消費し[蝶]1を付与	なし	なし	厳粛な哀悼	貫通：怠惰<br>自分の弾丸5ごとにスキル威力+1（最大4）<br>マッチ勝利時：沈潜4を付与<br>攻撃後：[再装填]<br>2d8：銃撃。的中時、弾丸を1消費し[蝶]1を付与<br>2d8：銃撃。的中時、弾丸を6消費し[蝶]6を付与<br>2d8：銃撃。的中時、弾丸を全て消費し、消費した数だけ[蝶]を付与<br>3d4：的中時、対象の[蝶]の数だけ沈潜ダメージを与える	なし	なし	なし	なし	[生きた蝶・死んだ蝶]<br>自分の最大弾丸数を2つに分割し[生きた蝶]・[死んだ蝶]にする<br>銃撃時、1d2を振り、1なら[生きた蝶]を、2なら[死んだ蝶]を消費する<br>どちらか片方だけが残っている場合はそれを消費する<br>消費することで特定戦術の能力が向上<br><br>[生きた蝶]<br>消費時、SANを1回復<br><br>[死んだ蝶]<br>消費時、対象のSANを1減少<br><br><br>[蝶] 最大15 デバフ<br>[1R] [生きた蝶]・[死んだ蝶]の効果で消費された方の蝶が付与される。<br><br>[生きた蝶]<br>被ダメージ時、攻撃者のSANを([生きた蝶]/4)だけ回復(最低1)<br>R終了時、次のRにて数値分[死んだ蝶]を得る<br><br>[死んだ蝶]<br>被ダメージ時、SANが0または無いなら、[死んだ蝶]につき(沈潜/5)だけ憂鬱ダメージを受ける(最大15)
76	ロボトミーE.G.O::涙で研ぎ澄まされた剣の人格	ロボトミーコーポレーション,E.G.O装備	125	50	1d7	普通	抵抗	弱点	なし	壊し、引き裂き、貫く	傲慢 x3 保有	なし	戦闘開始時、ランダムな自分以外の味方1名に[加護]1を付与し自分は[守る剣]1を得る。<br>自分が士気低下状態または混乱状態なら、代わりにランダムな自分以外の味方1名に[絶望]1を付与し、自分は[貫く剣]1を得る。	騎士の信条	マッチ可能防御：憂鬱<br>戦闘開始時：自分が[守る剣]状態ならバリア15を得る。自分が[貫く剣]状態なら次のRにダメージ量増加3を得る<br>2d10	なし	なし	色褪せた信条	貫通：憂鬱<br>使用時：自分が[守る剣]状態ならマッチ威力+1<br>2d8：的中時、沈潜2を付与<br>2d8：的中時、沈潜1を付与。自分が[貫く剣]状態ならこのダイスを再使用（最大1回）	なし	なし	悲痛の宿る剣	貫通：傲慢<br>使用時：自分が[守る剣]状態ならダメージ量減少3と保護2を得る<br>2d10：的中時、自分が[貫く剣]状態な固定ダメージ7を与える<br>2d10：的中時、自分が[貫く剣]状態なら固定ダメージ7を与える	涙で研ぎ澄まされた剣で	貫通：嫉妬<br>対象の沈潜6ごとにスキル威力+1（最大2）<br>使用時：自分が[守る剣]状態なら沈潜付与量+1<br>5d2+1：的中時、沈潜1を付与<br>5d2+2：的中時、沈潜1を付与<br>5d2+2：的中時、沈潜1を付与。自分が[貫く剣]状態なら[沈潜殺到]	なし	なし	アルカナ・ピアース	貫通：傲慢<br>対象の沈潜6ごとにスキル威力+1（最大2）<br>使用時：自分が[守る剣]状態ならマッチ威力+2。[貫く剣]状態ならスキルd数-1<br>攻撃後：自分のSANが25減少。自分が[守る剣]状態ならスキル1で対象を1度だけ攻撃<br>22-2d10：的中時、沈潜3を付与<br>22-2d10：的中時、沈潜2を付与<br>22-2d10：的中時、沈潜1を付与。自分が[貫く剣]状態ならこのダイスを再使用（最大1回）	なし	なし	なし	なし	加護 最大1 バフ<br>[1R] マッチ終了時、対象に沈潜2 を付与<br>被ダメージ時、攻撃対象に沈潜1 を付与（1R に6 回）<br>守る剣 最大1 バフ<br>[1R] 戦闘開始時、経過R 数x2 だけ挑発値を得て、保護2 を得る<br>絶望 最大1 バフ<br>[1R] マッチ終了時、対象に次のR に恐慌3 を付与<br>被ダメージ時、攻撃対象に次のR にて恐慌1 を付与（1R に6 回）<br>貫く剣 最大1 バフ<br>[1R] マッチ勝利時、全ダイスに「的中時、固定ダメージ2を与える」を付与
77	ロボトミーE.G.O::愛と憎悪の名の下にの人格	ロボトミーコーポレーション,E.G.O装備	110	50	3d2	弱点	普通	抵抗	なし	マジカルパワー	嫉妬 x4 保有	なし	戦闘開始時、[マジカル・アルカナ]1を得る。<br>自分のSANが士気低下状態または混乱状態なら[マジカル・アルカナ]を得ずに[ヒステリー]1を得る	短期詠唱	マッチ可能防御：嫉妬<br>使用時：[ヒステリー]状態ならスキル威力+3<br>2d10	なし	なし	愛で！	打撃：憤怒<br>使用時：[愛と憎悪]4を得る<br>2d8：的中時、[愛と憎悪]1を得る<br>2d8：的中時、対象が味方なら対象のHPを2回復	なし	なし	正義の名の下に！	打撃：傲慢<br>使用時：[愛と憎悪]4ごとにダメージ量+1（最大3）<br>4d4：的中時、[破裂爆発]。破裂を3消費<br>3d5：的中時、対象が味方ならHPを2回復	アルカナ・ビート	打撃：嫉妬<br>自分の[マジカル・アルカナ]1ごとにダメージ量+2<br>使用時：自分の[愛と憎悪]が15以上ならダメージ量+4<br>攻撃後：[マジカル・アルカナ]1を得る<br>4d3：破壊不能ダイス<br>4d3：破壊不能ダイス<br>2d10：破壊不能ダイス	なし	なし	リバースド・ビート	打撃：嫉妬<br>広域：対象2体<br>このスキルは[ヒステリー]状態でないなら戦術選択ダイスロールから除外される<br>自分の[ヒステリー]1ごとにダメージ量+3<br>使用時：自分の[愛と憎悪]が15以上ならダメージ量+6<br>マッチ敗北時：スキル威力-15<br>攻撃後：[愛と憎悪]を全て消費。SANを全回復<br>20-3d4：破壊不能ダイス<br>20-3d4：破壊不能ダイス<br>20-3d4：破壊不能ダイス。破壊されず的中時、[破裂爆発]。破裂を3消費	なし	なし	なし	なし	[マジカル・アルカナ] 最大3 中立バフ<br>攻撃的中時、破裂を数値-1だけ付与<br>R終了時、数値が3ならSANを25％まで減少し消滅<br><br>[ヒステリー] 最大3 中立バフ<br>[敵味方識別不可]になり全ての攻撃スキルが[広域乱射]になる<br>味方に攻撃する時、ダメージ量-5<br>攻撃的中時、破裂を数値-1だけ付与<br>R終了時、SANが最大なら消滅<br><br<[愛と憎悪] 最大20 バフ<br>特定スキルの能力が上昇
78	LCE E.G.O::提灯の人格	リンバスカンパニー,LCE,E.G.O装備	125	50	1d3+3	弱点	普通	抵抗	なし	妖精の粉	暴食 x3 保有	なし	死亡時、自分を最後に攻撃した対象へ破裂10を付与し、最も少ない属性の大罪資源4種を2つずつ得る。<br>攻撃者が居ない場合、破裂が最も少ない敵1名に破裂10を付与	好餌	貫通反撃：暴食<br>戦闘開始時：[好餌妖精]3を得る<br>使用時：次のRに挑発値8を得る<br>2d10：的中時、破裂3を付与	なし	なし	拡散する根	打撃：傲慢<br>使用時：次のRに挑発値2を得る<br>19-3d6：的中時、破裂4を付与しHPを1~8回復	なし	なし	蚕食する幹	打撃：怠惰<br>使用時：次のRに挑発値4を得る<br>マッチ敗北時：このスキルで付与する破裂付与量+1<br>2d9：破壊不能ダイス。的中時、破裂1を付与<br>2d9：破壊不能ダイス。的中時、破裂1を付与	先立つ好餌	貫通：嫉妬<br>使用時：次のRに挑発値6を得る<br>マッチ敗北時：このスキルで付与する破裂付与量+2<br>8d2：破壊不能ダイス。的中時、破裂3を付与	なし	なし	露わになった深淵	打撃：暴食<br>自分の失ったHP10ごとに、与えるダメージ量が1増加<br>使用時：[好餌妖精]3を得て次のRに挑発値8を得る<br>攻撃後：自分の失ったHP3ごとにSANを1回復（最大30）<br>16-1d15：的中時、次のRに束縛2を付与<br>16-1d15：的中時、破裂1を付与<br>16-1d15：的中時、[破裂爆発]。破裂を3消費	なし	なし	なし	なし	[好餌妖精] 最大5 バフ<br>挑発値の上限を20にする<br>R開始時、挑発値10を得る。自分が受けるダメージ量+5<br>被ダメージ時、対象へ破裂1を付与、自分のHPが50％未満なら追加で破裂1を付与<br>R終了時に1減少
79	LCE E.G.O::紅炎殺の人格	リンバスカンパニー,LCE,E.G.O装備	129	50	4d2	弱点	普通	抵抗	なし	火取蛾	憤怒 x3 保有	なし	戦闘開始時、自分の失ったHPが30以上かつ火傷が8未満なら火傷4を得る。<br>R終了時、自分の火傷が7以上なら次のRにダメージ量増加3を得る	感応度共鳴	回避：憤怒<br>使用時：自分の火傷が7以上なら火傷を5減少<br>8d2：回避成功時、自分の火傷を2減少	なし	なし	着火	打撃：怠惰<br>使用時：自分の火傷が8以上ならこのスキルのダメージ量+2<br>6d2：的中時、火傷2を付与し火傷4を得る<br>4d3+2：的中時、自分の火傷が8以上なら火傷4を付与。火傷2を得る	なし	なし	残熱	打撃：憤怒<br>戦闘開始時：両隣の味方に自分の火傷の数だけ火傷を付与<br>使用時：自分の火傷が8以上ならスキル威力+3<br>2d10：マッチ勝利的中時、互いに火傷3を付与<br>2d9+3：的中時、火傷3を付与	E.G.O 紅炎殺	打撃：傲慢<br>戦闘開始時：両隣の味方に自分の火傷の数+1だけ火傷を付与<br>使用時：自分の火傷が8以上ならこのスキルのダメージ量と威力+1<br>4d3+1：的中時、火傷2を付与<br>4d3+2：的中時、火傷2を付与<br>5d2+2：破壊不能ダイス。的中時、対象の火傷が10以上なら[葬炎]	なし	なし	火に思い焦がれて	打撃：憤怒<br>戦闘開始時：両隣の味方に自分の火傷の数+2だけ火傷を付与<br>使用前：自分の火傷が15以上ならこのスキルを「紅炎殺最大感応【劣化侵蝕】」として発動<br>打撃：憤怒<br>使用時：自分の火傷が8以上ならこのスキルのダメージ量と威力+2<br>2d10：的中時、火傷2を付与<br>2d10：的中時、火傷2を付与<br>2d10	紅炎殺最大感応【劣化侵蝕】	打撃：憤怒<br>攻撃後：死亡する<br>使用前：自分の失ったHP10ごとに広域指定人数+1（最大3）<br>使用時：このスキルを使用している間にHPが1になった場合このRの間HPが1以下にならない。自分の火傷10ごとに、スキルのダメージと威力+1（最大6）<br>5d4：破壊不能ダイス。的中時、火傷2を付与<br>5d4：破壊不能ダイス。的中時、火傷2を付与<br>5d5：破壊不能ダイス。的中時、対象の火傷が8以上なら[葬炎]	なし	なし	なし
80	N社 E.G.O::ねばつきの人格	N社,E.G.O装備	124	55	1d8	弱点	抵抗	普通	なし	旨い肉片	暴食 x3 保有	なし	HPが50％以下の時、出血を持つ敵へ攻撃的中時、対象の出血1ごとにHPを1回復（最大10、戦闘ごとに1回発動）	差し込める陰	防御：暴食<br>使用時：対象に麻痺1を付与<br>10+1d6	なし	なし	傷口穿ち	打撃：色欲<br>4d3<br>4d3：的中時、次のRに出血2を付与	なし	なし	消化	打撃反撃：傲慢<br>5d4：的中時、対象の出血1ごとにHPを2回復。対象の出血を除去	傷を舐める	打撃：色欲<br>使用時：対象が出血状態なら次のRに束縛1を付与<br>2d11：的中時、出血3を付与	なし	なし	肉片を引きちぎる	打撃：暴食<br>使用時：対象の出血が3以上ならマッチ威力+1<br>5d2+2：的中時、次のRに出血1を付与<br>5d2+2<br>5d2+3：的中時、次のRにクイック1を得る	なし	なし	なし	なし	なし
81	N社 E.G.O::凶弾の人格	N社,E.G.O装備	110	55	1d7+1	普通	抵抗	弱点	なし	躍進	傲慢 x2 保有	なし	敵討伐時、呼吸7を得る	再装填射撃	貫通反撃：色欲<br>使用時：呼吸5ごとにスキル威力+1（最大3）<br>8d2：クリティカル的中時、このダイスを再使用（最大1回）	なし	なし	前方射撃	貫通：憤怒<br>使用時：[引き裂かれた追憶]2と呼吸3を得る<br>14-1d10：的中時、沈潜2を付与。クリティカルダメージ量+3	なし	なし	後方射撃	貫通：色欲<br>対象の沈潜が6以上ならスキル威力+2<br>使用時：呼吸5を得る<br>14-1d9：クリティカル的中時、[引き裂かれた追憶]1を得る。クリティカルダメージ量+5	割られ、分かれたる弾丸	貫通：傲慢<br>広域：対象2体<br>自分が士気低下状態または混乱状態なら敵味方識別不可になる<br>使用時：呼吸3を得る<br>15-1d7：このダイスはメインターゲットのみダメージを与える。敵討伐時、次のダイスのダメージ量+15<br>15-1d7：このダイスはサブターゲットのみダメージを与える。クリティカルダメージ量+7。的中時、沈潜4を付与	なし	なし	追憶を砕く弾丸	貫通：傲慢<br>広域：対象5体[広域乱射]<br>自分の[引き裂かれた追憶]1ごとにダメージ量+1<br>使用時：自分が士気低下状態または混乱状態なら敵味方識別不可になる<br>攻撃後：[引き裂かれた追憶]を全て消費<br>18-1d12：的中時、自分のSANが5減少し沈潜3を付与<br>18-1d12：的中時、自分のSANが5減少し沈潜3を付与<br>18-1d12：的中時、自分のSANが5減少し沈潜3を付与<br>18-1d12：的中時、自分のSANが5減少し沈潜3を付与	なし	なし	なし	なし	[引き裂かれた追憶] 最大7 バフ<br>数値2ごとにクリティカルダメージ量+1（最大3）
82	N社 E.G.O::軽蔑、畏敬の人格	N社,E.G.O装備	120	50	1d6+2	普通	普通	普通	なし	付け加えられた軽蔑	色欲 x7 保有	なし	攻撃的中時、[視線]1を付与（1Rに2回）。<br>被ダメージ時、攻撃者に[視線]1を付与（1Rに4回）	螺旋型曲場	防御：色欲<br>戦闘開始時：両隣の味方のSANを10減少させバリア10を付与<br>8d2	なし	なし	軽蔑	貫通：色欲<br>対象の[視線]が3以上ならこのスキルで付与するデバフ量が2倍になる<br>2d9：的中時、出血2を付与<br>2d9：的中時、出血3を付与	なし	なし	畏敬	打撃：怠惰<br>使用時：対象の出血が6以上ならスキル威力+1<br>7d2：的中時、次のRに脆弱2を付与<br>7d2+2：的中時、次のRに出血3とダメージ量減少1を付与	軽蔑、畏敬【潜在解放】	貫通：色欲<br>3d4+2：的中時、脆弱1を付与<br>3d4+2：的中時、固定SANダメージ10を与える<br>4d4：破壊不能ダイス。的中時、対象の[視線]x5だけ固定SANダメージを与え対象の[視線]を除去	なし	なし	全てを軽蔑せん	貫通：憤怒<br>攻撃前：[視線]が4以上の敵の数だけ広域指定人数増加（最大4）<br>1d14+6：的中時、対象の[視線]が4以下なら[視線]1を付与	なし	なし	なし	なし	[視線] 最大7 中立バフ<br>与えるダメージと受けるダメージが[視線]2ごとに+1（最大3）<br>数値が7になると消滅し、[軽蔑]1を得る<br><br>[軽蔑] 最大1 デバフ<br>R終了時、次のRにダメージ量減少3を得て消滅
83	群れたハイエナの人格	群れたハイエナ	90	50	1d6+1	弱点	普通	抵抗	なし	浮浪者の集まり	暴食 x2 保有	なし	群れたハイエナ所属の他の味方1名ごとに嫉妬ダメージ量増加1を得る（最大4）	行動把握	回避：暴食<br>2d7	なし	なし	死角からの攻撃	斬撃：傲慢<br>一方攻撃時：対象の出血3ごとにスキルd値+1（最大5）<br>1d6：的中時、次のRに出血1を付与<br>1d6：的中時、次のRに出血1を付与<br>1d6：的中時、次のRに出血1を付与	なし	なし	数で押せ	斬撃：嫉妬<br>使用時：群れたハイエナ所属の他の味方1名ごとにスキル威力+1（最大5）<br>1d7：的中時、次のRに出血1を付与<br>1d7：的中時、次のRに出血1を付与<br>1d7：的中時、次のRに出血1を付与<br>1d7：的中時、次のRに出血1を付与	強襲	斬撃：憤怒<br>使用時：群れたハイエナ所属の他の味方2名ごとにスキルd数+1（最大2）<br>1d6<br>1d6：的中時、次のRに出血2を付与<br>1d6：的中時、次のRに出血2を付与	なし	なし	群れの奇襲	斬撃：暴食<br>一方攻撃時：対象の出血3ごとにスキルd値+1（最大5）<br>1d9<br>1d9：的中時、次のRに出血2を付与<br>1d9：的中時、次のRに出血2を付与	なし	なし	なし	なし	なし
84	ニトロ研究所研究員の人格	ニトロ研究所	110	50	2d3	弱点	普通	抵抗	なし	エネルギー療法	怠惰 x3 共鳴	なし	自分のSANを10回復し、自分の充電の数2ごとにHPを1回復する	エネルギー展開	防御：怠惰<br>戦闘開始時：自分の充電を全て消費し、消費した充電5ごとに混乱保護1を得る<br>6d2<br>4d2	なし	なし	プラス電力	打撃：色欲<br>使用時：自分の充電を3消費して充電6を得る<br>2d8：的中時、充電3を得る<br>2d5	なし	なし	量産エネルギー	打撃：怠惰<br>戦闘開始時：両隣の味方の充電を最大5消費し、消費した充電x2だけ自分が充電を得る（最大10）<br>2d8：的中時、対象が麻痺状態なら充電1を得る<br>2d8：的中時、対象が麻痺状態なら充電1を得る<br>1d14：的中時、麻痺2を付与	エネルギーの波	打撃：憂鬱<br>使用時：自分の充電を10消費してスキル威力+2<br>攻撃後：充電を消費したなら後方の味方2名に充電2を付与<br>5d2<br>5d2+2：的中時、次のRに混乱保護2を得る	なし	なし	電力転換	貫通：怠惰<br>戦闘開始時：自分の充電を4消費して全ての味方にパワー1と武装解除1を付与<br>4d3：的中時、充電を5ずつ消費し、消費した充電5ごとに麻痺1を付与	なし	なし	なし	なし	なし
85	白蓮3流清掃員の人格	白蓮清掃会社	110	60	1d6	普通	弱点	抵抗	なし	白く染まる	嫉妬 x2 保有	なし	敵討伐時、SANを20回復	徹底的な白	回避：色欲<br>使用時：次のRにSAN回復量増加2を得る<br>5d3	なし	なし	清掃時間	打撃：暴食<br>2d9：的中時、SANを5回復<br>4d2：的中時、破裂1を付与	なし	なし	白くあれ	打撃：憤怒<br>使用時：自分の現在SAN20ごとに破裂付与量+1（最大3）<br>1d12+3：的中時、破裂4を付与	室内清掃	貫通：色欲<br>使用時：自分のSANが50％以下なら攻撃的中時にSANを2回復<br>2d7：的中時、破裂1を付与<br>2d7：的中時、破裂1を付与<br>2d9：的中時、[破裂爆発]。破裂を3消費	なし	なし	白に染まれ	打撃：嫉妬<br>6d2<br>8d2：的中時、[破裂爆発]。破裂を5消費。与えた破裂爆発ダメージ量だけSANを回復（最大15）	なし	なし	なし	なし	なし
86	白蓮2流清掃員の人格	白蓮清掃会社	120	50	1d6	普通	弱点	抵抗	なし	白に染まる	嫉妬 x3 共鳴	なし	SANが最大の味方1名ごとにSANを2回復	徹底的な白	回避：色欲<br>使用時：次のRにSAN回復量増加2を得る<br>5d3	なし	なし	清掃時間	貫通：暴食<br>5d2：的中時、対象の破裂5ごとにSANを1回復（最大5）<br>5d2+2：的中時、対象の破裂5ごとにSANを1回復（最大5）	なし	なし	白に染まれ	打撃：色欲<br>自分のSAN25ごとに破裂付与量+1（最大2）<br>3d5：的中時、破裂1を付与<br>3d5<br>2d7：的中時、破裂2を付与	派遣清掃	打撃：傲慢<br>戦闘開始時：後方の味方1名のSANを5回復<br>1d15+4：的中時、[破裂爆発]。破裂を5消費	なし	なし	白く塗れ	打撃：嫉妬<br>戦闘開始時：自分のSANが75％以上なら両隣の味方の最後のダイスに「的中時、[破裂爆発]。破裂を5消費」を追加<br>8d2<br>8d2：的中時、[破裂爆発]。破裂を5消費	なし	なし	なし	なし	なし
87	鉄腕兄弟構成員の人格	鉄腕兄弟,機械融和生命体	120	55	1d5	抵抗	普通	弱点	なし	鋼精神	憤怒 x7 保有	なし	受けるSANダメージ4減少	鋼肉体	打撃反撃：憤怒<br>使用時：次のRにて保護3を得る<br>2d9	なし	なし	鋼の拳	打撃：暴食<br>使用時：憤怒保護1を得る<br>2d7	なし	なし	鋼の防御	防御：怠惰<br>使用時：憤怒保護3を得る<br>2d7<br>2d8<br>2d9	純鉄の蹴り	打撃：憂鬱<br>使用時：前のRに憤怒保護を得ていた場合スキル威力+2<br>5d2+2<br>2d10	なし	なし	爆発する腕	打撃：憤怒<br>前のRに憤怒保護を得ていた数だけ火傷を得て、対象に同数の火傷を与える<br>8d2	なし	なし	なし	なし	なし
88	湯の花運送会社員の人格	湯の花運送	120	50	1d7	抵抗	弱点	普通	なし	沸騰	憤怒 x2 共鳴	[温度]が0の状態で舞台開始	自分が火傷状態なら束縛1を得てダメージ量増加3を得る	回避	回避：怠惰<br>2d9：回避成功時、[温度]を1上昇	なし	なし	お湯炊き	貫通：憤怒<br>使用時：[温度]が3上昇<br>2d8：的中時、武装2を得る<br>2d3：的中時、武装2を得る	なし	なし	熱量蓄積	貫通：色欲<br>使用時：[温度]が5上昇<br>5d3：的中時、火傷4を付与<br>2d8：的中時、対象の火傷が8以上なら火傷-炬火へと[烈火変換]	湯加減X°	打撃：嫉妬<br>[温度]が40以上ならスキル威力+4<br>使用時：[温度]が8上昇<br>3d6：的中時、火傷2を付与<br>3d7：的中時、火傷2を付与<br>3d7：的中時、対象の火傷が6以上なら火傷4を付与	なし	なし	熱湯オーバーヒート	打撃：暴食<br>戦闘開始時：自分の[温度]が10ごとに火傷を1得て全ての敵に火傷1を付与<br>使用時：[武装解放]。[温度]が15上昇<br>2d9：的中時、火傷4を付与<br>2d10：的中時、対象の火傷が10以上なら[葬炎]	なし	なし	なし	なし	[温度] 最大99 バフ<br>R開始時に5得る<br><br>-[温度]が10以上の時、火傷を付与するダイスのダメージ量+1-<br>-[温度]が20以上の時、自分の火傷を火傷-鬼火に[烈火変換]-<br>-[温度]が30以上の時、的中時に互いに火傷1を付与-<br>-[温度]が40以上の時、スキル効果による火傷付与量+1-<br>-[温度]が50以上の時、的中時に互いに火傷2を付与-<br>-[温度]が60以上の時、R開始時、火傷3とパワー1を得る-<br>-[温度]が70以上の時、R開始時、火傷5を得る-<br>-[温度]が80以上の時、R開始時、烙印1を得る-<br>-[温度]が90以上の時、的中時に自分に[葬炎]-
89	ストレングス 処刑者の人格	ストレングス	130	45	4d2	抵抗	普通	弱点	なし	溢れ出る殺意	憤怒 x5 保有	なし	SANが50％以下の出血状態の敵に与えるSANダメージ量+4	反撃	斬撃反撃：嫉妬<br>5d2<br>2d2<br>2d2	なし	なし	喧嘩上等	斬撃：暴食<br>2d9<br>2d7：的中時、次のRに出血4を付与	なし	なし	ぶった斬る	斬撃：傲慢<br>マッチ勝利時：次のRにパワー1を得る<br>6d2<br>7d2+2	天変地異	打撃：嫉妬<br>マッチ敗北時：次のRにパワー2を得る<br>敵討伐時：全ての味方に次のRにパワー1を付与<br>8d2+3<br>2d9+2：的中時、対象のSANが25％以下なら固定SANダメージ10を与える	なし	なし	ギロチンタイム	斬撃：憤怒<br>対象の出血4ごとにダメージ量+1（最大5）<br>攻撃後：このスキルを捨てる<br>2d10：的中時、出血4を付与<br>2d10：的中時、麻痺4を付与<br>2d10：的中時、対象のHPが10％以下なら対象を[破壊]（強敵には無効）	なし	なし	なし	なし	なし
90	棒派構成員の人格	棒派	107	53	1d7	普通	弱点	抵抗	なし	棒派魂	嫉妬 x2 共鳴	なし	攻撃的中時、固定ダメージ2を与える。<br>マッチ敗北時、破壊されたダイスの個数だけ固定ダメージを受ける	回避	回避：嫉妬<br>8d2	なし	なし	乱打	打撃：憂鬱<br>2d4：的中時、固定ダメージ2を与える<br>2d4：的中時、固定ダメージ2を与える<br>2d4：的中時、固定ダメージ2を与える<br>2d6：的中時、固定ダメージ2を与える	なし	なし	水引	打撃：傲慢<br>マッチ勝利時：次のRに対象にマッチ威力減少1を付与<br>2d10：的中時、固定ダメージ4を与える<br>1d7+3	大打	打撃：暴食<br>戦闘開始時：このRの間、全ての味方の打撃スキルに[的中時、固定ダメージ1を与える]を付与<br>8d2+2<br>2d7	なし	なし	五輪砕き	打撃：嫉妬<br>マッチ勝利時：広域指定人数+1<br>7d2：的中時、次のRに虚弱1を付与<br>2d6：的中時、固定ダメージ2を与える<br>2d6：的中時、固定ダメージ2を与える	なし	なし	なし	なし	なし
91	ガラスの靴団団員の人格	ガラスの靴団	118	57	1d7	普通	抵抗	弱点	なし	ガラスの鉄則	暴食 x5 保有	なし	R開始時、ダメージ量増加1を得る。<br>敵討伐時にSANを10回復	回避	回避：憤怒<br>8d2	なし	なし	快速術	貫通：暴食<br>使用時：呼吸2を得る<br>2d5<br>2d5<br>2d5：的中時、次のRに恐慌2を付与<br>2d5：クリティカル的中時、次のRに恐慌2を付与	なし	なし	脳天をかち割る	斬撃：嫉妬<br>クリティカル成功時：次のRにクリティカルダメージ量増加3を得る<br>3d5：的中時、呼吸2を得る<br>2d8：的中時、呼吸2を得る	生存の意志	貫通：暴食<br>戦闘開始時：味方が全員生存しているなら、その後味方が死亡するまで、ダメージ量増加1を得る（最大1）<br>2d8：クリティカルダメージ量+3<br>2d8：クリティカルダメージ量+3	なし	なし	快速破壊術	貫通：憤怒<br>戦闘開始時：両隣の味方に次のRにてクイック2を付与<br>攻撃後：呼吸5を得る<br>4d4：的中時、次のRに恐慌4を付与<br>4d4：的中時、対象の恐慌が10以上なら精神崩壊1を付与	なし	なし	なし	なし	なし
92	ヴィリーブ工房フィクサーAの人格	ヴィリーブ工房	123	49	3d2	弱点	普通	抵抗	なし	蒸気を纏う	怠惰 x3 共鳴	なし	呼吸獲得量+1。クリティカル的中時、煙1を付与（最大3）	蒸気機関	防御：怠惰<br>使用時：呼吸4を得る<br>4d2<br>3d5	なし	なし	煙格闘術	打撃：怠惰<br>使用時：呼吸3を得る<br>2d7<br>2d7：クリティカルダメージ量+1	なし	なし	受動喫煙	打撃：嫉妬<br>マッチ勝利時：煙2を付与<br>マッチ敗北時：ランダムな味方1名に煙3を付与<br>2d7：的中時、呼吸1を得る<br>2d7：的中時、呼吸1を得る<br>3d5：対象の煙2ごとにクリティカルダメージ量+1	爆煙	打撃：憤怒<br>3d3+2<br>4d3：クリティカル的中時、対象の煙の数x2だけ火傷を付与（最大8）	なし	なし	煙稼働ガントレット	打撃：色欲<br>戦闘開始時：自分の煙を全て呼吸に変換し、変換した煙2ごとにクリティカルダメージ量+1（最大5）<br>1d8：対象の煙が6以上なら、このダイスのd数+1<br>1d8：対象の煙が6以上なら、このダイスのd数+1<br>1d12：対象の煙が6以上なら、このダイスのd数+1	なし	なし	なし	なし	なし
93	ヴィリーブ工房フィクサーBの人格	ヴィリーブ工房	125	50	2d3+1	普通	弱点	抵抗	なし	一本一本	色欲 x4 保有	なし	R終了時、自分の煙3ごとに次のRにクイック1を得る。<br>煙2ごとにクリティカルダメージ量+1（最大4）	身体に吸い込む	防御：色欲<br>使用時：煙3を得る<br>4d2：守備時、呼吸1を得る<br>3d5：守備時、呼吸1を得る	なし	なし	煙格闘術	打撃：傲慢<br>使用時：呼吸4 を得る<br>2d7<br>2d7 ：クリティカルダメージ量+2	なし	なし	受動喫煙	斬撃：嫉妬<br>マッチ勝利時：煙2を付与<br>マッチ敗北時：ランダムな味方1名に煙3を付与<br>3d6：的中時、呼吸2を得る<br>2d7：的中時、呼吸2を得る<br>2d7：クリティカル的中時、煙2を付与	蒸気機関	斬撃：怠惰<br>使用時：煙を全て消費し、消費した数2ごとに保護1を得る<br>2d9：クリティカルダメージ量+2、対象の煙2ごとにクリティカルダメージ量+1<br>3d5：的中時、呼吸4を得る	なし	なし	大暴煙	斬撃：色欲<br>使用時：呼吸が10以上なら必ずクリティカルになり、呼吸消費量がダイスx2になる<br>1d10：対象の煙と自分の呼吸が6以上なら、このダイスのd数+1<br>1d10：対象の煙と自分の呼吸が6以上なら、このダイスのd数+1<br>1d10：対象の煙と自分の呼吸が6以上なら、このダイスのd数+1<br>2d8：クリティカルダメージ量+3、対象の煙2ごとにクリティカル<br>ダメージ量+1	なし	なし	なし	なし	なし
94	ジャーマ工房フィクサーの人格	ジャーマ工房	110	50	1d6	抵抗	普通	弱点	なし	炎天	色欲 x5 保有	なし	攻撃的中時、対象に火傷があるなら固定ダメージを0~3与える	加熱	防御：傲慢<br>使用時：次のRにて[激熱]3を得る<br>2d7	なし	なし	炎断	斬撃：憤怒<br>使用時：[激熱]があるなら全てのダイスに「的中時、火傷1を付与」を付与<br>2d5<br>2d5<br>2d5	なし	なし	焼却	斬撃：色欲<br>使用時：[激熱]2を得る<br>2d8：的中時、火傷1を付与<br>3d3：的中時、火傷1を付与	シャインスピア	貫通：怠惰<br>使用後：この戦術スキルを「レッドアックス」に変更する<br>2d7：的中時、[激熱]2を得る<br>1d9：的中時、火傷1を付与<br>2d4：的中時、火傷1を付与	レッドアックス	斬撃：怠惰<br>使用後：この戦術スキルを「シャインスピア」に変更する<br>3d4：的中時、[激熱]の数x3だけ火傷を付与<br>5d2：的中時、火傷3を付与	高まった鼓動	打撃：憤怒<br>使用時：自分の[激熱]x2だけ火傷を得て次のRに憤怒ダメージ量増加を1+[激熱]の数だけ得る（最大5）<br>6d2<br>6d2：的中時、火傷3を付与	なし	なし	なし	なし	[激熱] 最大10 中立バフ<br>R開始時、自分の[激熱]の数x2だけ火傷を得る<br>攻撃的中時、[激熱]の数だけ火傷を与える<br>自分か対象が火傷を40以上保有してる状態で攻撃的中時、互いに葬炎して自分の[激熱]を0にする
95	第四銀工房銃鎚派フィクサーの人格	第四銀工房,銃鎚派	127	48	1d7	弱点	普通	抵抗	6	紅銀鎚	傲慢 x3 共鳴	なし	[精練爆薬]を8以上消費したなら、次のRに[精練爆薬]3を得る	爆薬装填	打撃反撃：傲慢<br>戦闘開始時：次のRに[紅硬]1を得る<br>使用時：[精練爆薬]5を得る<br>8d2	なし	なし	乱暴な打撃	打撃：暴食<br>対象の破裂が15以上ならスキルd値+1<br>2d6：的中時、破裂1を付与<br>2d5：的中時、次のRに恐慌3を付与<br>2d5：的中時、破裂1を付与	なし	なし	衝撃爆破	打撃：嫉妬<br>マッチ勝利時：[精練爆薬]2を得る<br>4d3：的中時、破裂2を付与<br>2d8：的中時、[破裂爆発]。破裂を4消費。[精練爆薬]が8以上なら弾丸を1消費してこのダイスを再使用（最大1回）	弾丸発射	打撃：傲慢<br>マッチ勝利時：自分の[精練爆薬]が8以上なら恐慌付与量+1<br>3d4：的中時、恐慌2を付与<br>3d4：的中時、恐慌2を付与<br>3d3+3：的中時、[破裂爆発]。破裂を5消費。[精練爆薬]が8以上なら弾丸を1消費してこのダイスを再使用（最大1回）	なし	なし	紅色臨鎚	打撃：色欲<br>マッチ開始時：対象が恐慌状態なら破裂3を付与<br>2d13：的中時、[破裂爆発]。破裂を3消費。[精練爆薬]が10以上なら弾丸を最大まで消費し、消費した弾丸の数だけこのダイスを再使用（最大3回）	なし	なし	なし	なし	[精練爆薬] 最大10 バフ<br>弾丸を消費した時、[精練爆薬]を全て消費する<br>消費した[精練爆薬]の数x2+対象の恐慌の数だけダメージを与える<br>[精練爆薬]の効果で与えたダメージが30以上なら、精神崩壊1を付与し、恐慌-奇行へと[鬱怏変換]
96	第四銀工房太刀派フィクサーの人格	第四銀工房,太刀派	122	54	1d5	抵抗	弱点	普通	なし	紅銀刀	傲慢 x3 共鳴	舞台開始時、[研磨]1を得る	バリア状態の敵に与えるダメージ量+3。<br>破裂爆発時、消費した破裂の数2ごとに[研磨]1を得る（1Rに2回）	研ぐ	防御：傲慢<br>戦闘開始時：次のRに[紅硬]1を得る<br>使用時：[研磨]3を得る<br>8d2	なし	なし	重い斬撃	斬撃：暴食<br>2d10：的中時、[破裂爆発][振動爆発]。破裂と振動を5消費	なし	なし	装甲を剥ぐ	斬撃：憤怒<br>使用時：対象がバリアを得ているなら破裂付与量+1<br>5d3：マッチ勝利的中時、振動2を付与<br>2d9：的中時、振動3と破裂2を付与	瞬凪	斬撃：怠惰<br>対象がバリア状態ならダメージ量+2<br>7d2：的中時、振動2を付与<br>7d2：的中時、対象の破裂4ごとに振動1を付与（最大4）	なし	なし	紅色惨刀	斬撃：傲慢<br>使用前：[研磨]を全て消費し、消費した[研磨]の数だけ破裂爆発と振動爆発のダメージ量増加<br>攻撃後：[錆び]1を得る<br>2d10：的中時、対象の振動と破裂の合計7ごとに脆弱1を付与（最大3）<br>2d11：的中時、[破裂爆発][振動爆発]。破裂と振動を5消費	なし	なし	なし	なし	[研磨] 最大10 バフ<br>-[研磨]が3以上の時、バリア状態の敵に与えるダメージ量+2-<br>-[研磨]が5以上の時、振動爆発ダメージ+3-<br>-[研磨]が8以上の時、斬撃ダメージ+1-<br>-[研磨]が10以上の時、斬撃属性のスキル威力+1-<br><br>[錆び] 最大1 デバフ<br>ダメージ量減少3と振動付与量減少1を得る[研磨]を得る時、[錆び]が消滅する
97	第四銀工房弓派フィクサーの人格	第四銀工房,弓派	125	50	2d3	普通	抵抗	弱点	6	紅銀矢	傲慢 x2 共鳴	対象を混乱させる、または[破裂爆発]で20ダメージ以上与えたなら、次のRに[追撃状態]1を得る	クリティカル成功時、破裂爆発で与えるダメージ量+4	紅銀矢回収	回避：傲慢<br>戦闘開始時：次のRに[紅硬]1を得て[再装填-残弾維持]<br>6d2：回避成功時、呼吸1を得る	なし	なし	紅矢	貫通：暴食<br>このスキルは戦術選択ダイスロールに含まれない<br>使用時：呼吸1を得る。弾丸が0ならスキル威力が3減少し、銃撃を撤廃<br>1d7：このダイスはd数が増加しない。銃撃。的中時、弾丸を1消費し[破裂爆発]。破裂を4消費	なし	なし	撃ち抜く	貫通：憤怒<br>マッチ勝利時：次のRに束縛2を付与<br>2d9：銃撃。的中時、弾丸を1消費し破裂2を付与。呼吸1を得る<br>2d9：銃撃。的中時、弾丸を1消費し破裂2を付与。呼吸1を得る	凝視	貫通：嫉妬<br>使用時：呼吸4を得る<br>6d3：銃撃。的中時、弾丸を3消費し[破裂爆発]。破裂を4消費。クリティカルダメージ量+3	なし	なし	紅色飛弓	貫通：傲慢<br>使用前：対象の破裂が10以上なら弾丸消費量を任意で増加可能。増加した弾丸1ごとに破裂付与量+1（最大3）<br>マッチ勝利時：[紅硬]があるなら次のRに[追撃状態]1を得る<br>17-1d15：銃撃。的中時、弾丸を1消費し破裂3を付与	なし	なし	なし	なし	[追撃状態] 最大1 バフ<br>前方の味方が攻撃終了時、スキル1を使用する（最大3回）<br>R終了時消滅
98	第四銀工房輪刃派フィクサーの人格	第四銀工房,輪刃派	120	50	1d8	抵抗	普通	弱点	なし	紅銀刃	傲慢 x5 保有	なし	出血状態の敵への破裂付与量+1。<br>内部破裂状態の敵への出血付与量+1	回避	回避：傲慢<br>戦闘開始時：次のRに[紅硬]1を得る<br>8d2	なし	なし	切り裂く	斬撃：嫉妬<br>2d8：的中時、次のRに出血1を付与<br>2d7：的中時、破裂3を付与	なし	なし	四肢切断	斬撃：色欲<br>一方攻撃時：対象が内部破裂状態なら破裂脆弱2を付与<br>2d5：的中時、破裂1を付与<br>2d6：的中時、次のRに出血1を付与<br>2d7：的中時、[破裂爆発]。破裂を5消費<br>2d7：的中時、対象の破裂と出血の合計が7以上なら内部破裂3を付与	炸裂	斬撃：憂鬱<br>戦闘開始時：ランダムな敵2名に破裂2を付与<br>4d3：的中時、対象の破裂と出血の合計が5以上なら内部破裂2を付与<br>4d3：的中時、次のRに出血2を付与	なし	なし	紅色破刃	斬撃：傲慢<br>対象の破裂と出血の合計7ごとにスキル威力+1（最大3）<br>6d2：的中時、[破裂爆発]。破裂を3消費。破裂ダメージを10以上与えたなら次のRに出血2を付与<br>6d2：的中時、[破裂爆発]。破裂を3消費。破裂ダメージを10以上与えたなら次のRに出血2を付与<br>2d8：的中時、[破裂爆発]。破裂を8消費。破裂ダメージを10以上与えたなら次のRに出血2を付与	なし	なし	なし	なし	[内部破裂] 最大5 デバフ<br>R終了時、出血5ごとに1回[破裂爆発]。破裂（10/[内部破裂]の数）消費（小数点切り捨て）<br>R終了時、数値を半減
99	メリアニア工房フィクサーの人格	メリアニア工房	110	50	4d2	弱点	普通	抵抗	なし	魂の叫び	憤怒x5 保有	舞台開始時、[刺突爆雷]10を得る	[刺突爆雷]を消費する時、対象の火傷の数だけダメージを与える	反撃	打撃反撃：傲慢<br>[刺突爆雷]が3以上ならスキル威力+2<br>4d2<br>4d2<br>2d8：的中時、[刺突爆雷]を1消費し、互いに火傷4と固定HPダメージ5を与える	なし	なし	突撃ィ！！	打撃：憤怒<br>使用時：次のRにクイック2を得る<br>マッチ勝利時：火傷3を付与<br>2d7+2<br>2d9+2：破壊不能ダイス。的中時、[刺突爆雷]を1消費して互いに火傷5を付与	なし	なし	危機一髪の爆破	打撃：傲慢<br>自分の減少HP20ごとにこのスキルの最後のダイス威力+1（最大6）<br>使用時：対象の減少HP15ごとにダメージ量+1（最大5）<br>4d3：過半数的中時、火傷4を付与<br>4d3<br>2d4+2：破壊不能ダイス。的中時、[刺突爆雷]を1消費して互いに火傷2を付与し固定HPダメージ8を与える	決死の一撃	打撃：色欲<br>自分のHPが50以上減少しているならスキル威力+5<br>使用時：対象の減少HP10ごとにダメージ量+1（最大7）<br>マッチ勝利時：火傷5を付与<br>6d2：破壊不能ダイス。的中時、[刺突爆雷]を1消費して互いに固定HPダメージ10を与える	なし	なし	特攻爆発	打撃：憤怒<br>自分の減少HP20ごとにこのスキルの最後のダイス威力+1（最大6）自分の速度が8以上ならスキル威力+2<br>マッチ勝利時：火傷3を付与<br>2d10：的中時、[刺突爆雷]]を1消費して互いに火傷2を付与<br>2d10：破壊不能ダイス。的中時、[刺突爆雷]を1消費して互いに火傷3を付与。対象の減少HP5ごとに固定HPダメージ1を互いに与える（最大30）	なし	なし	なし	なし	[刺突爆雷] 最大15 中立バフ<br>[刺突爆雷]を消費するダイスが破壊不能ダイスかつ破壊されたなら、d値+1<br>特定スキルにて消費
100	メメメメメ工房フィクサーの人格	メメメメメ工房	120	50	1d6	普通	弱点	抵抗	なし	怨念蓄積タンク	嫉妬 x3 共鳴	なし	被ダメージ時、対象が破裂と恐慌状態なら互いに[破裂爆発]（破裂を4消費）	怨念雑誌	防御：憤怒<br>2d9<br>2d8	なし	なし	怨念蓄積機	貫通：憤怒<br>2d8：的中時、互いに破裂2を付与<br>1d14：的中時、互いに破裂2を付与	なし	なし	弾け出す祟り	斬撃：憂鬱<br>使用時：自分の破裂を全て対象に押し付ける。押し付けた破裂の数3ごとに恐慌1を得る<br>2d7：的中時、次のRに恐慌2を付与<br>2d7：的中時、次のRに恐慌2を付与<br>4d3：的中時、[破裂爆発]。破裂を5消費	怨念抽出	貫通：嫉妬<br>戦闘開始時：恐慌状態の敵に自分の破裂を均等に譲渡する（最大10）<br>2d8：的中時、互いに破裂2を付与<br>5d2+2：的中時、互いに破裂3を付与	なし	なし	怨み射出	貫通：傲慢<br>戦闘開始時：破裂状態の敵に自分の破裂の数だけ恐慌を均等に付与する（最大10）<br>22-2d9：的中時、破裂1を付与<br>22-2d9：的中時、破裂1を付与<br>22-2d9：的中時、互いに[破裂爆発]。破裂を5消費	なし	なし	なし	なし	なし
101	ダンダダダダ工房所属フィクサーの人格	ダンダダダダ工房	120	50	1d8	弱点	抵抗	普通	10	デルタ弾装填	傲慢 x3 共鳴	なし	マッチ勝利時、銃撃ダイスのダメージ量+3。<br>対象が出血状態なら追加でダメージ量+2	一時休憩	防御：憤怒<br>このスキルを選択し、かつ使用されなければSANを10回復<br>2d9	なし	なし	装填、発射	打撃：暴食<br>2d8<br>1d15：銃撃。的中時、弾丸を1消費し出血2を付与	なし	なし	耳鳴りのする銃声	打撃：傲慢<br>使用時：弾丸を保持していない全キャラクターに2のSANダメージを与える<br>2d7<br>5d2+2：銃撃。的中時、弾丸を1消費し次のRに出血2を付与	爆撃	打撃：嫉妬<br>8d2：銃撃。的中時、弾丸を1消費し次のRに出血3を付与	なし	なし	ダダダダダン	貫通：傲慢<br>使用時：自分と同じ所属のキャラクターがスキル4を使う時、使う味方の数だけスキルd値が増加（最大3）<br>2d8：銃撃。的中時、弾丸を1消費し次のRに出血2を付与<br>2d8：銃撃。的中時、弾丸を1消費し次のRに出血2を付与<br>2d8：銃撃。的中時、弾丸を1消費し対象の出血が10以上なら内臓崩壊1を付与	なし	なし	なし	なし	なし
102	針金工房フィクサーの人格	針金工房	110	50	3d2+1	抵抗	普通	弱点	なし	編み込むように縛り付く	憤怒x3 保有	なし	[縛り付く鉄線]状態の敵にマッチ勝利時、次のRに出血2を付与	鉄線の壁	防御：色欲<br>戦闘開始時：[縛り付く鉄線]2を得る<br>使用時：自分の[縛り付く鉄線]の数だけバリアを得る<br>8d2	なし	なし	縛り付いていく有刺鉄線	斬撃：憤怒<br>自分の[縛り付く鉄線]4ごとにマッチ威力+1（最大2）<br>マッチ勝利時：[縛り付く鉄線]2を付与<br>2d7：的中時、[縛り付く鉄線]3を得る<br>2d7：的中時、次のRに束縛2を付与	なし	なし	鉄線で引き裂く	貫通：色欲<br>一方攻撃時：[縛り付く鉄線]3を付与<br>7d2：破壊不能ダイス。的中時、自分の[縛り付く鉄線]の数だけ貫通ダメージを与える	知らぬ間の線引き	斬撃：傲慢<br>マッチ開始時：対象が[縛り付く鉄線]状態なら出血2を付与<br>4d3：的中時、次のRに出血2を付与<br>4d3：的中時、次のRに出血3を付与	なし	なし	黒血貫線	貫通：憤怒<br>自分の[縛り付く鉄線]3ごとにマッチ威力+1（最大3）<br>戦闘開始時：自分との速度差が1以内かつ、[縛り付く鉄線]状態の敵全員に、貫通ダメージ15を与える<br>使用時：[縛り付く鉄線]4を得る<br>3d4<br>3d4<br>2d9：破壊不能ダイス。的中時、対象の[縛り付く鉄線]が10以上なら対象を破壊（強敵無効）	なし	なし	なし	なし	[縛り付く鉄線] 最大10 デバフ<br>R開始時、数値/2だけ出血を得る。束縛状態なら追加で出血3を得る<br>自分が針金工房所属なら、出血以外の効果でダメージを受けるとき、[縛り付く鉄線]だけバリアを得る（1R最大30）
103	ボルトット工房フィクサーの人格	ボルトット工房	108	53	1d2+2	弱点	普通	抵抗	なし	脚力低下施術強制付与	怠惰 x3 保有	なし	マッチ勝利時、次のRに束縛1を付与	防御	防御：憤怒<br>8d2	なし	なし	その場に止まれ！	打撃：憤怒<br>戦闘開始時：束縛状態の敵の現在の速度1減少<br>5d2：的中時、次のRにて対象の速度d値-2	なし	なし	鈍足化強制施術	打撃：怠惰<br>マッチ勝利時：対象に次のRに束縛1を付与<br>2d7：的中時、振動2を付与<br>2d7：的中時、振動2を付与<br>2d8：的中時、次のRに対象の速度を1減少	粉砕骨折	打撃：傲慢<br>使用時：対象の束縛が3以上ならスキル威力+2<br>1d13+3：的中時、対象が束縛状態なら[振動爆発]を3回発動し、振動を10消費	なし	なし	空式螺子	貫通：嫉妬<br>マッチ勝利時：対象が束縛状態かつ速度が1ならばスキル威力+6<br>5d3：的中時、振動7を付与	なし	なし	なし	なし	なし
104	マッチロック工房フィクサーの人格	マッチロック工房	128	47	1d7	普通	抵抗	弱点	1	点火	暴食 x2 保有	なし	マッチ勝利時、対象に固定ダメージ7を与える	防御	防御：憤怒<br>8d2	なし	なし	装填	回避：嫉妬<br>戦闘開始時：[再装填-残弾維持]<br>2d10	なし	なし	頭をぶち抜く	貫通：憂鬱<br>7d2：銃撃。的中時、弾丸を1消費し固定SANダメージ8を与える	急所狙い	貫通：暴食<br>対象の貫通耐性が弱点ならダメージ量+7<br>6d3+4：銃撃。的中時、弾丸を1消費	なし	なし	たった一発の勝負	打撃：怠惰<br>敵討伐時：この戦闘中、永続でパワー3を得る（最大1回）<br>敵討伐失敗時：次のRで行動不能<br>4d8：銃撃。的中時、弾丸を1消費	なし	なし	なし	なし	なし
105	美味しいですねカルボナーラ工房フィクサーの人格	美味しいですねカルボナーラ工房	130	58	1d8	弱点	普通	抵抗	なし	無限鞭生成武器「カルボナーラ」	怠惰 x3 共鳴	舞台開始時、[伸び～る鞭]を0の状態で開始	振動爆発時、振動消費量2ごとに[伸び～る鞭]1を得る	カプレーゼ	回避：怠惰<br>2d10：回避成功時、振動1を付与	なし	なし	無限鞭三式・マルゲリータ	打撃：嫉妬<br>使用時：[伸び～る鞭]が5以上なら対象の守備スキルを1つ除去<br>3d3：的中時、振動1を付与<br>3d3<br>3d3：的中時、振動1を付与<br>3d3	なし	なし	無限鞭二式・ドルチェ	打撃：怠惰<br>戦闘開始時：振動が10以上のキャラクター1名ごとに[伸び～る鞭]1を得る（最大3）<br>マッチ勝利時：[振動爆発]。振動を3消費<br>2d10<br>5d2：的中時、[振動爆発]。振動を4消費<br>2d3：的中時、[振動爆発]。振動を4消費	無限鞭四式・タリアータ	打撃：憤怒<br>戦闘開始時：自分の[伸び～る鞭]が7以上なら両隣の味方に次のRにクイック2を付与<br>4d4：的中時、振動2を付与<br>4d4：的中時、振動2を付与<br>2d6+2：的中時、[振動爆発]。振動を2消費	なし	なし	無限鞭一式・カルボナーラ	打撃：怠惰<br>使用時：[伸び～る鞭]が10なら対象に振動10を付与<br>攻撃後：[伸び～る鞭]を全て消費<br>3d5+2：的中時、[振動爆発]。振動を5消費<br>3d5+2：的中時、[振動爆発]。振動を5消費<br>3d5+3：的中時、[振動爆発]。振動を5消費	なし	なし	なし	なし	[伸び～る鞭] 最大10 バフ<br>R開始時、数値が1増加<br>数値ごとに以下の効果を得る<br>-[伸び～る鞭]が4以上の時、マッチ威力+1<br>-[伸び～る鞭]が6以上の時、打撃抵抗の敵に与えるダメージ量+5<br>-[伸び～る鞭]が10以上の時、振動爆発時に振動消費量だけ固定ダメージを与える（最大20）
106	笛吹きの音楽隊の人格	笛吹きの音楽隊	128	52	3d2+1	弱点	普通	抵抗	なし	同調	傲慢 x3 共鳴	なし	戦闘開始時、[音符]を持つ味方の数だけ味方全体にダメージ量増加1を付与（最大3）	一息つく	回避：傲慢<br>使用時：呼吸5を得る<br>2d9：回避成功時、呼吸3を得る	なし	なし	音階操作	打撃：暴食<br>戦闘開始時：呼吸を3消費し、両隣の味方に保護2を付与<br>使用時：[音符]2を得る<br>2d6：的中時、呼吸2を得る<br>3d5：的中時、呼吸2を得る	なし	なし	行進曲	打撃：傲慢<br>使用時：呼吸を5消費し、後方の味方全体に保護2を付与。[音符]があるなら呼吸の代わりに消費する<br>2d8：的中時、味方全体にクイック1を付与	身を委ねて	打撃：怠惰<br>使用時：呼吸7を得る<br>3d4：的中時、[音符]4を得る<br>6d2：クリティカル的中時、次のRにランダムな味方2名にパワー1を付与	なし	なし	大合奏	打撃：傲慢<br>使用時：呼吸を自分を除く味方の数だけ消費し、消費した呼吸の数だけスキル威力増加（最大3）<br>3d3<br>3d3<br>3d3<br>2d10：クリティカル的中時、次のRに味方全体にダメージ量増加2を付与	なし	なし	なし	なし	[音符] 最大10 バフ<br>特定のスキルに作用する<br>-5以上：打撃ダメージ量増加2を得る<br>-7以上：呼吸獲得量+1<br>-9以上：R開始時、SANを4回復<br>R終了時、1減少
107	ディアマン・ノワール構成員の人格	ディアマン・ノワール	119	56	2d3	抵抗	普通	弱点	なし	秘薬・黒蓮	憂鬱 x3 保有	なし	攻撃的中時、対象に毒があれば沈潜付与量+1	香りを纏わせる	防御：憂鬱<br>使用時：次のRに混乱保護2を得る<br>8d2	なし	なし	薬品散布	打撃：暴食<br>使用時：対象の沈潜が3以上ならスキル威力+1<br>2d5：的中時、互いに沈潜1を付与<br>3d4：的中時、互いに沈潜1を付与	なし	なし	芳しい香り	打撃：色欲<br>使用時：対象に毒が付与されているならスキル威力+1<br>4d4：的中時、互いに沈潜2を付与<br>4d4：的中時、互いに沈潜2を付与	昂揚する精神	貫通：傲慢<br>使用時：このRの終了時、沈潜により受けるSANダメージを半減する（最低1）<br>7d2+2：的中時、互いに沈潜3を付与	なし	なし	甘い薬と黒い毒	貫通：憂鬱<br>使用時：対象の沈潜が6以上ならスキル威力+1<br>3d4<br>5d3：的中時、自分の沈潜を全て消費し、消費した数3ごとに次のRにパワー1を得る（最大3）<br>2d9：的中時、対象の沈潜を全て消費し、消費した数2ごとに毒1を付与（最大10）	なし	なし	なし	なし	なし
108	ク事務所フィクサーの人格	ク事務所	126	49	1d8	抵抗	弱点	普通	なし	状況判断	憂鬱 x2 共鳴	なし	対象が虚弱または武装解除状態ならスキル威力+1	回避	回避：憂鬱<br>2d9	なし	なし	絶妙な須臾	斬撃：暴食<br>2d6<br>2d8：的中時、次のRに虚弱1を付与	なし	なし	迅速な処理	斬撃：傲慢<br>2d7：的中時、次のRに武装解除1を付与<br>2d8：的中時、次のRに武装解除1を付与<br>2d8：的中時、次のRに武装解除1を付与	昔の特異点	打撃：怠惰<br>マッチ進行時：対象のスキル威力-1<br>2d9：的中時、次のRに武装解除1を付与<br>2d9：的中時、次のRに武装解除1を付与	なし	なし	反響	打撃：憂鬱<br>2d7<br>2d7<br>6d3：的中時、対象の武装解除を全て虚弱に変換する	なし	なし	なし	なし	なし
109	鬼門事務所フィクサーの人格	鬼門事務所	124	50	1d5+2	弱点	普通	抵抗	なし	死に花が咲く	嫉妬 x3 保有	自分の[呪い]の起動回数-1	戦闘開始時、[呪い]の数だけ出血を得る。<br>死亡時、HPが最も低い味方に次のRにパワー2とクイック1を付与	遁甲	回避：怠惰<br>8d2：回避成功時、[呪い]2を得る（最大2）	なし	なし	呪剣抜刀	斬撃：憤怒<br>HPが0になった時、ランダムな敵に次のRに束縛2を付与<br>使用時：自分の[呪い]が3以上なら、マッチ威力+1<br>2d6：的中時、次のRに束縛1を付与<br>2d7：的中時、互いに[呪い]1を付与	なし	なし	冥罰	斬撃：傲慢<br>使用時：自分の[呪い]が4以上ならダメージ量+2<br>2d10：的中時、次のRに互いに出血2を付与<br>3d5：的中時、次のRに互いに出血2を付与	紫電一閃	斬撃：嫉妬<br>使用時：[呪い]3を得る。自分の出血が6以上ならダメージ量+3<br>2d8<br>2d8：的中時、次のRに互いに出血3を付与<br>4d4：マッチ勝利的中時、互いに[呪い]1を付与	なし	なし	廻る怨恨	斬撃：嫉妬<br>自分の出血4ごとにスキルd値+1（最大3）<br>使用時：自分の[呪い]の数x2だけ出血を得る（最大10）<br>3d6<br>2d7：的中時、互いに出血3を付与<br>2d7：的中時、自分の出血の数だけ次のRに出血を付与（最大10）	なし	なし	なし	なし	なし
110	触腕事務所フィクサーの人格	触腕事務所	109	52	3d2	弱点	普通	抵抗	なし	生体武器/空腹	色欲 x3 保有	なし	スキルの全てのダイスが1d（元のダイスの最大値+5）になる	受け流す	防御：傲慢<br>5d2	なし	なし	引っ叩く	打撃：色欲<br>2d7	なし	なし	急所突き	打撃：暴食<br>4d4：的中時、次のRに虚弱1を付与	振り回し	打撃：嫉妬<br>使用時：色欲共鳴が3以上なら広域指定人数+2<br>5d3：的中時、次のRに麻痺2を付与<br>5d3：的中時、次のRに束縛1を付与	なし	なし	締め付ける	打撃：色欲<br>2d10：的中時、[拘束判定]	なし	なし	なし	なし	[拘束判定]<br>これを行うとき、被拘束判定者は50以下が出るまで1d100を振り、（ダイスを振った回数。最大5）<br>d5のダメージを与える
111	黒雲会 若衆Bの人格	黒雲会	110	50	3d2	抵抗	普通	弱点	なし	雲の障壁	色欲x3 共鳴	なし	戦闘開始時、黒雲会の味方が一方攻撃されるなら、自分にターゲットを変更し、自分はスキル0を使用	雲の障壁	防御：色欲<br>戦闘開始時：保護1を得る（1R1回）<br>7d2<br>5d2<br>2d2	なし	なし	雲斬り	斬撃：怠惰<br>対象の出血が5以上ならマッチd値+3<br>2d7：的中時、次のRに出血2を付与	なし	なし	墨雲	打撃：色欲<br>対象の出血が5以上ならマッチ威力+2<br>5d2+1：的中時、次のRに出血3を付与<br>5d2+2：的中時、ダメージ量減少1を付与	後始末	斬撃：憤怒<br>敵討伐時：ランダムな敵3名に出血脆弱3を付与<br>1d14+5：対象の出血/3だけダメージ量増加（最大7）	なし	なし	墨雲裂割	斬撃：憂鬱<br>対象の出血が6以上ならマッチ威力+1<br>使用時：対象の出血が10以上ならスキル威力+2<br>6d2：的中時、出血2を付与<br>6d2<br>7d2：的中時、次のRに麻痺2を付与	なし	なし	なし	なし	なし
112	黒雲会 若衆Cの人格	黒雲会	100	50	1d7	抵抗	普通	弱点	なし	黒雲道	色欲x3 共鳴	なし	自分以外の味方が、敵から攻撃を受けたなら、攻撃者を裏路地の掟で一方攻撃(1Rにつき1回)	裏路地の掟	マッチ可能斬撃反撃：色欲<br>使用時：対象の出血が6以上ならスキル威力+1<br>2d7<br>2d5<br>2d5	なし	なし	飛び散る剣撃	斬撃：憤怒<br>使用時：次のRに忍耐2を得る<br>2d7<br>2d7+1：的中時、次のRに出血2を付与	なし	なし	後始末	斬撃：傲慢<br>使用時：対象の出血が5以上ならスキル威力+2<br>4d2：的中時、ダメージ量減少2を付与<br>4d2：的中時、次のRに出血4を付与	嵐雲	斬撃：嫉妬<br>マッチ勝利時：次のRに斬撃威力増加1を得る<br>3d4+2：的中時、脆弱2を付与<br>3d4+2：的中時、出血3を付与	なし	なし	雲の撹乱	斬撃：色欲<br>使用時：次のRに忍耐1を得る<br>2d2：このダイスが破壊されたなら、次のダイスのd数+3<br>7d2：対象が出血状態ならダメージ量+5	なし	なし	なし	なし	なし
113	双鉤海賊団 組員Bの人格	双鉤海賊団	100	60	1d7	抵抗	弱点	普通	なし	交渉決裂だ	色欲x2 共鳴	なし	マッチ勝利時、対象の呼吸を最大10奪う	戦場の喊声	防御：色欲<br>使用時：次のRに呼吸4を得る<br>7d2	なし	なし	皮膚を裂く 	斬撃：怠惰<br>使用時：呼吸2を得る<br>6d2<br>6d2：クリティカルダメージ量+3	なし	なし	強奪	斬撃：色欲<br>使用時：対象のバフをランダムに1種最大5奪う（呼吸優先・固有バフ等は奪えない）<br>3d5：的中時、次のRに出血3を付与<br>3d6：クリティカル的中時、次のRに出血2を付与	鉤裂き	斬撃：憤怒<br>攻撃後：次のRにダメージ量増加1を得る<br>2d9：的中時、次のRに呼吸4を得る<br>2d9：的中時、次のRに脆弱2を付与	なし	なし	虜獲	斬撃：傲慢<br>マッチ勝利時：対象のダイスを3つまでコピーしてこのスキルの最初に追加（効果はコピー不可）<br>6d2	なし	なし	なし	なし	なし
114	双鉤海賊団 組員Cの人格	双鉤海賊団	120	45	3d2	抵抗	弱点	普通	なし	頼れる背中	傲慢x2 憤怒x2 保有	なし	R開始時、自分の呼吸4ごとに保護1を得る（最大3）	戦場の喊声	防御：色欲<br>使用時：次のRに呼吸4を得る<br>7d2	なし	なし	鉤裂き 	貫通：色欲<br>使用時：呼吸3を得る<br>2d9：的中時、呼吸2を得る	なし	なし	ここを殴るんだ	斬撃：色欲<br>使用時：対象に出血があるなら、保護1を得る<br>クリティカル成功時：後方の味方1名に色欲ダメージ量増加1を付与<br>2d7：過半数的中時、次のRに出血1を付与し対象のパワー・忍耐・保護・クイックのうちランダムに1種奪う<br>2d7+2：的中時、次のRに出血2を付与し対象の呼吸を最大4奪う	もっと強く	斬撃：憤怒<br>攻撃後：次のRにダメージ量増加1を得る<br>6d2：的中時、呼吸3を得る<br>7d2：的中時、出血2色欲脆弱1を付与	なし	なし	虜獲	斬撃：傲慢<br>マッチ勝利時：対象のパワー / 忍耐 / 保護 / クイック / 呼吸のうちランダムに1種奪う<br>攻撃後：自分の呼吸を最も呼吸が少ない味方1名へ最大5譲渡（双鉤海賊団所属優先）<br>4d4<br>4d4：クリティカルダメージ量+3	なし	なし	なし	なし	なし
115	仕立屋 謝肉祭の人格	謝肉祭	110	50	4d2	普通	抵抗	弱点	なし	素敵な生地	暴食x2 保有	敵討伐時、[縫製]3を得る	R終了後、[縫製]が3なら自分の[縫製]を3消費して、自分以外のランダムな[素敵な生地]状態でない味方1名に[素敵な生地]3を付与	回避	回避：暴食<br>2d10	なし	なし	きっと美味しいです？	斬撃：傲慢<br>攻撃後：縫製1を得る<br>2d7：的中時、HP4回復<br>2d7<br>2d8：的中時、次のRに出血2を付与	なし	なし	素敵な糸が出ます	貫通反撃：色欲<br>被ダメージ直前：対象が出血状態なら[縫製]1を得る<br>4d2<br>2d9：的中時、[縫製]1を得る<br>4d2	食事	貫通：暴食<br>対象の出血が6以上なら、HP回復量+3<br>3d5：的中時、HP4回復し対象に出血3を付与<br>2d8+2：的中時、HP4回復し対象に次のRに出血2を付与	なし	なし	裁断	貫通：嫉妬<br>対象の出血が6以上ならスキル威力+4<br>2d6+2：的中時、出血3を付与<br>2d6：過半数的中時、このダイスを再使用（最大3）。再使用的中時、次のRに出血1を付与	なし	なし	なし	なし	[縫製] 最大3 バフ<br>生地を仕立てる為の工程。素敵な生地を生み出すために<br><br>[素敵な生地] 最大3 バフ<br>守備スキル威力+3<br>スキルによる被ダメージ量が数値だけ減少<br>被ダメージ時、1減少
116	鉄の兄弟の人格	鉄の兄弟,機械融和生命体	115	50	2d3	抵抗	普通	弱点	なし	電気ショック	憂鬱x2 共鳴	なし	攻撃的中時、(自分の充電)％の確率で麻痺1を付与。<br>R終了時、自分の充電が15以上なら、得ている麻痺を次のRまで最大（2+自分の充電/5）だけ持ち越す	せ切断	貫通反撃：暴食<br>使用時：対象の麻痺を最大4吸収し、自分の麻痺x2だけ充電を得る<br>4d2<br>2d1<br>7d1	なし	なし	じゅ充電	打撃：憤怒<br>使用時：充電6を得て次のRに麻痺1を得る<br>7d2：的中時、次のRに麻痺2を付与	なし	なし	た耐える	防御：憂鬱<br>使用時：対象に麻痺1を付与<br>5d2：守備時成功時、次のRに麻痺1を付与<br>5d2：守備時成功時、次のRに麻痺1を付与<br>3d2：守備失敗時、「せ切断」を使用	は爆ぜろ	貫通：暴食<br>使用時：自分の充電4につき麻痺1を得る<br>6d2：自分の麻痺だけこのダイスの威力増加。的中時、自分の麻痺が5以上なら、次のRに麻痺3を付与<br>6d2：自分の麻痺だけこのダイスの威力増加	なし	なし	じ人生一発	打撃：嫉妬<br>戦闘開始時：速度差2以内のキャラクターの麻痺を吸収<br>使用時：充電が15以上なら、自分の麻痺を全て消費。消費した麻痺だけスキル威力が増加<br>7d2：的中時、充電を全て消費して、消費した値だけ固定ダメージを与える	なし	なし	なし	なし	なし
117	歯車の教団信者の人格	歯車の教団	100	55	2d2	普通	弱点	抵抗	なし	考えの歯車	色欲x4 保有	なし	自分の煙4ごとに速度d値+1	回避命令	回避：色欲<br>2d9：回避成功時、煙3を得る（1R3回）。自分の煙が10なら次のRにマッチ威力増加1を得る（1Rにつき1回）	なし	なし	歯車の導くままに	貫通：憤怒<br>使用時：煙3を得る<br>4d2+1：的中時、煙2を得る<br>4d2+1	なし	なし	奇襲命令	打撃：暴食<br>使用時：煙4を得る<br>2d7+2：的中時、煙1を得る。過半数的中時、次のRに束縛1を付与<br>2d7+2：的中時、煙1を得る。過半数的中時、次のRに麻痺1を付与	蒸気	打撃：憂鬱<br>対象の煙3ごとにマッチ威力+1（最大3）<br>使用時：自分の煙が9以上ならスキルd値+1<br>7d2：的中時、煙4を付与	なし	なし	考えの歯車:解除	貫通：色欲<br>対象の煙3につきダメージ量+1（最大3）<br>使用時：自分の煙が9以上ならスキルd数+1<br>攻撃後：自分の煙を全て消費<br>5d2：的中時、煙1を付与。対象の煙3につきこのダイスを再使用（最大3回）	なし	なし	なし	なし	なし
118	中指 末弟・末妹Bの人格	中指	115	50	2d3	弱点	普通	抵抗	なし	義理	嫉妬x4保有	前のRに味方へスキルで最も多くダメージを与えた対象に、[仕返し対象]1を付与	対象が[仕返し対象]状態ならスキル威力+1。<br>R開始時、自分と中指所属の味方1名のSAN6回復	お返し	打撃反撃：嫉妬<br>戦闘開始時：嫉妬共鳴数が6以上なら、反撃時にスキル4を代わりに使用。代わりに使用されるスキル4の大罪属性が嫉妬に変更される<br>5d2<br>2d8	なし	なし	帳簿確認	打撃：憤怒<br>使用時：SAN５回復<br>2d6+1<br>2d6+2：的中時、次のRに出血2を付与	なし	なし	義理証明	打撃：嫉妬<br>戦闘開始時：（最も高い共鳴数/3）だけマッチ威力+1（最大2）該当する共鳴が嫉妬共鳴なら追加で嫉妬共鳴/2だけダメージ量が増加（最大3）<br>4d4<br>4d4：的中時、ダメージ量減少1を付与	刻む	打撃：嫉妬<br>対象が復讐対象ならスキル威力+1<br>使用時：現在の嫉妬共鳴数だけ最後のダイスのダメージ量が増加（最大4）<br>3d5<br>3d4：的中時、出血2を付与	なし	なし	報復	打撃：傲慢<br>戦闘開始時：（最も高い共鳴数/3）だけマッチ威力+1（最大2）該当する共鳴が嫉妬共鳴なら追加で嫉妬共鳴/2だけダメージ量が増加（最大3）<br>2d6：過半数的中時、出血1を付与<br>2d6：過半数的中時、出血1を付与<br>2d7：過半数的中時、出血1を付与	なし	なし	なし	なし	なし
119	中指 長弟・長妹の人格	中指	130	45	3d2	弱点	普通	抵抗	なし	仕返し帳簿	嫉妬x3 保有	なし	自分が敵にダメージを受ける度に、攻撃者に[復讐対象]5を付与(1Rにつき1回)。<br>基本攻撃スキルまたは反撃スキル攻撃終了時、対象の[復讐対象]を全て消費し、消費した[復讐対象]だけ[仕返し帳簿[長弟・長妹]]を得る（自分の[仕返し帳簿[長弟・長妹]]が30ならこの効果は発動しない）	チャンスを掴む	打撃反撃：嫉妬<br>被ダメージ直前：対象の[復讐対象]1につきバリア2を得る<br>2d9：過半数的中時、出血1を付与<br>2d9：過半数的中時、出血1を付与	なし	なし	みぞおち狙い	打撃：暴食<br>使用時：SAN５回復<br>2d7：的中時、麻痺1を付与<br>2d7	なし	なし	腹を潰す	打撃：憤怒<br>使用時：対象が[復讐対象]なら、スキル威力+2<br>3d3+2：的中時、次のRに出血2を付与<br>3d3+2	倍にして喰らわせてやる	打撃：嫉妬<br>戦闘開始時：（最も高い共鳴数/3）だけマッチ威力+1（最大2）該当する共鳴が嫉妬共鳴なら追加で嫉妬共鳴/2だけダメージ量が増加（最大3）<br>使用時：次のRに挑発値5を得る<br>3d3+1<br>3d3+1：的中時、出血2を付与<br>2d7+3：このスキルを含む共鳴が3以上なら、ダメージ量+3	なし	なし	きっちり刻み込め	打撃：嫉妬<br>自分の[仕返し帳簿[長弟・長妹]]10につき、ダメージ量+1<br>戦闘開始時：（最も高い共鳴数/3）だけマッチ威力+1（最大2）該当する共鳴が嫉妬共鳴なら追加で嫉妬共鳴/2だけダメージ量が増加（最大3）<br>4d2<br>4d2<br>6d2：このスキルを含む共鳴2につきダメージ量+1（最大6）	なし	なし	なし	なし	[仕返し帳簿[長弟・長妹]] 最大30 バフ<br>15ごとにダメージ量+1（最大2）。数値によって次のRに効果を得る<br>・10〜：打撃ダメージ量増加1を得る<br>・20〜：速度値+1、パワー1を得る<br>・30〜：打撃ダメージ量増加2を得る<br><br>[復讐対象] 最大10 デバフ<br>特定スキルまたはパッシブによって消費<br>数値3につき中指所属の敵から被ダメージ量+1（最大3）<br>R終了時、この数値が最も高ければ、次のターンに兄弟姉妹の[仕返し対象]1を得る<br>([仕返し対象]の保有状況とは別途適用され、数値が同じ場合は残体力の比率が高い方を対象とする)<br><br>[兄弟姉妹の仕返し対象] 最大1 デバフ<br>全人格の[仕返し対象]として扱われる<br>R終了時、消滅
120	薬指 点描派 スチューデントBの人格	薬指,点描派	110	50	2d3	普通	抵抗	弱点	なし	点々	色欲x4保有	この人格のランダムで火傷 / 出血 / 振動 / 破裂 / 沈潜を付与するスキルは、出血を付与するスキルとしてのみ扱われる	戦闘開始時、デバフの保有数が最も少ない敵1名に火傷 / 出血 / 振動 / 破裂 / 沈潜のうちランダムに1種を2付与	防御	防御：色欲<br>8d2	なし	なし	点を打つ	貫通：色欲<br>対象の出血が6以上ならマッチ威力+1<br>2d8：過半数的中時、出血3を付与<br>2d8：的中時、次のRに出血2を付与	なし	なし	筆を走らせる	貫通：傲慢<br>対象の出血が10以上ならスキル威力+1<br>対象の保有するデバフ2種につきダメージ量+1（最大3）<br>3d4：過半数的中時、火傷 / 出血 / 振動 / 破裂 / 沈潜のうちランダムに1つを2付与<br>3d4<br>3d5：的中時、火傷 / 出血 / 振動 / 破裂 / 沈潜のうちランダムに1つを3付与	血点描画	貫通：憤怒<br>対象の出血が6以上ならスキルd値+1<br>2d9<br>2d9：的中時、20％の確率でこのダイスを再使用。対象の保有するデバフ1種につき再使用確率+20%（最大2回）。次のRに出血1付与。再使用的中時、このダイスで付与する出血付与量+1	なし	なし	作品精査	貫通：暴食<br>対象の出血が6以上ならスキルd数+1<br>対象の保有するデバフ2種につきダメージ量+1（最大5）<br>6d2<br>7d2：的中時、出血3を付与。火傷 / 出血 / 振動 / 破裂 / 沈潜のうちランダムに1つを3付与。攻撃後、対象が混乱するか死亡したなら、自分を除くSANが最も高い味方に次のRにて貫通ダメージ量増加1を付与。対象が薬指所属なら追加で貫通威力増加1を付与	なし	なし	なし	なし	なし
121	薬指 野獣派スチューデントAの人格	薬指,野獣派	110	50	1d7	普通	弱点	抵抗	なし	満ちゆく着想	色欲x2 保有	なし	攻撃スキル的中時、[引き裂かれた色彩[ルージュ]]1を付与。<br>R終了時、この戦闘の間、自分が[引き裂かれた色彩[ルージュ]]を10以上付与したなら、[野獣派-マスク・ドゥ・シヤン]1を得る	彩色準備	マッチ可能打撃反撃：色欲<br>自分に[野獣派-マスク・ドゥ・シヤン]があるなら、スキル威力+2<br>2d8：的中時、出血1を付与<br>2d8+1：的中時、沈潜1を付与	なし	なし	荒い描写	打撃：憤怒<br>対象のデバフ1種類ごとにダメージ量+1（最大4）<br>2d7+1<br>2d7+1：的中時、次のRに出血1と沈潜1を付与	なし	なし	本能的な描き殴り	打撃：傲慢<br>対象のデバフ1種類ごとにダメージ量+1（最大3）<br>4d2+1<br>4d2+1：的中時、次のRに出血1と沈潜1を付与<br>2d7+1：的中時、次のRに出血2と沈潜1を付与	野蛮な打撃	打撃：憤怒<br>対象のデバフ2種類ごとにダメージ量+1（最大2）<br>使用時：対象に引き裂かれた色彩[ルージュ]がないならマッチ威力+1。対象の引き裂かれた色彩が5以上ならこのスキルの最後のダイスが破壊不能ダイスになる<br>マッチ敗北時：破壊不能ダイスに「的中時、対象の沈潜を1回発動。対象の沈潜4減少」を追加<br>7d2<br>6d2：破壊されずに的中時、次のRに出血2を付与	なし	なし	野獣派-主品作展開	打撃：色欲<br>対象のデバフ2種類ごとにダメージ量+1（最大2）<br>使用時：自分のHPが50％未満か、対象の[引き裂かれた色彩]が5以上なら、このスキルの最後に2d9が追加。追加されたダイスが攻撃的中時、対象の（[引き裂かれた色彩]/3）だけ出血または沈潜をランダムに付与（それぞれ最大3）<br>3d3+2：的中時、沈潜2を付与<br>3d3+2：的中時、出血2を付与<br>3d3+4：的中時、[引き裂かれた色彩[ルージュ]]1を付与し次のRに出血2と沈潜2を付与	なし	なし	なし	なし	[引き裂かれた色彩[ルージュ]] 最大9 デバフ<br>被ダメージ時、数値3につき出血を1得る（1R1回）<br>R終了時、次のRに数値4につき脆弱1を得る（最大2）<br>R終了時、数値が1減少<br><br>[野獣派-マスク・ドゥ・シヤン] 最大1 バフ<br>対象の[引き裂かれた色彩]3につき、ダメージ量+1（最大3）<br>基本スキルで付与する出血・沈潜付与量+1<br>基本スキル攻撃前、対象に出血がなければ出血2を付与（1R1回）
122	薬指 野獣派スチューデントBの人格	薬指,野獣派	110	50	1d7	抵抗	普通	弱点	なし	満ちゆく着想	色欲x2 保有	なし	攻撃スキル的中時、[引き裂かれた色彩[ブル]]1を付与。<br>R終了時、この戦闘の間、自分が[引き裂かれた色彩[ブル]]を10以上付与したなら、[野獣派-マスク・ドゥ・シェーヴル-イブー]1を得る	彩色準備	マッチ可能斬撃反撃：色欲<br>自分に[野獣派-マスク・ドゥ・シェーヴル-イブー]があるなら、スキル威力+2<br>2d8：的中時、出血1を付与<br>2d8+1：的中時、沈潜1を付与	なし	なし	荒い描写	斬撃：憤怒<br>対象のデバフ1種類ごとにダメージ量+1（最大4）<br>2d7+1<br>2d7+1：的中時、次のRに出血1と沈潜1を付与	なし	なし	本能的な塗り表し	斬撃：色欲<br>対象のデバフ1種類ごとにダメージ量+1（最大3）<br>4d2+1<br>4d2+1：的中時、次のRにクイック1を得る<br>2d7+1：的中時、次のRに出血1と沈潜2を付与	素早い表現	斬撃：傲慢<br>対象のデバフ2種類ごとにダメージ量+1（最大2）<br>使用時：対象に引き裂かれた色彩[ブル]がないならマッチ威力+1。対象の引き裂かれた色彩が5以上ならこのスキルの最後のダイスが破壊不能ダイスになる<br>マッチ敗北時：破壊不能ダイスに「的中時、対象の沈潜を1回発動。対象の沈潜4減少」を追加<br>6d2<br>6d2+1：破壊されずに的中時、自分にクイックがあるならこのダイスを1度だけ再使用。的中時、沈潜2と出血1を付与	なし	なし	野獣派-主品作展開	斬撃：色欲<br>対象のデバフ2種類ごとにダメージ量+1（最大2）<br>使用時：自分のHPが50％未満か、対象の[引き裂かれた色彩]が5以上なら、最後のダイスに2d9が追加。追加されたダイスが攻撃的中時、対象の（[引き裂かれた色彩]/3）だけ出血または沈潜をランダムに付与（それぞれ最大3）<br>3d3+2：的中時、沈潜2を付与<br>3d3+2：的中時、出血2を付与<br>3d3+4：的中時、[引き裂かれた色彩[ブル]]1を付与し次のRに出血2と沈潜2を付与	なし	なし	なし	なし	[引き裂かれた色彩[ブル]] 最大9 デバフ<br>被ダメージ時、数値3につき沈潜を1得る（1R1回）<br>R終了時、数値が5以上なら、自分のSANが5減少<br>R終了時、数値が1減少<br><br>[野獣派-マスク・ドゥ・シェーヴル-イブー] 最大1 バフ<br>対象の[引き裂かれた色彩]3につき、ダメージ量+1（最大3）<br>基本スキルで付与する出血・沈潜付与量+1<br>基本スキル攻撃前、対象に沈潜がなければ沈潜2を付与（1R1回）
123	東部シ協会3課フィクサーの人格	シ協会	120	50	1d7	普通	抵抗	弱点	なし	死の弓	色欲x3 保有	[矢-死]4を得る	自分の[矢-死]が4なら、スキルで呼吸を得るとき呼吸獲得量+2（1戦闘ごとに3回、[矢-死]が3になる度に発動回数が初期化)<br>目標標準が2以上の時「閃弓」を使用したなら次のRに斬撃ダメージ量増加2を得る	弓刀展開	防御：色欲<br>自分に[矢-死]がなければs0-2として発動<br>戦闘開始時：自分に[狙撃姿勢]があるなら、該当Rの間(40÷目標照準の数値)だけバリアを得る<br>R終了時：自分に[狙撃姿勢]がないかつ、[矢-死]が1以上なら[狙撃姿勢]と[目標照準]を1得る。[狙撃姿勢]があるなら、代わりに[目標照準]だけを得る<br>2d10	回避	回避：色欲<br>2d9：回避成功時、呼吸1獲得	危機克服	斬撃：憤怒<br>使用時：呼吸2を得る<br>2d7：的中時、出血1を付与<br>2d8：的中時、出血1を付与	なし	なし	飛剣	斬撃：暴食<br>自分の呼吸と対象の出血の合計が4以上ならスキル威力+1<br>使用時：呼吸2を得る<br>2d9+2：クリティカルダメージ量+3	間合いを取る	斬撃：傲慢<br>自分の呼吸と対象の出血の合計が4につきマッチ威力+1(最大2)<br>使用時：消費した矢-死1につき、ダメージ量+1(最大4)<br>3d4：的中時、次のRに出血2を付与<br>3d4：的中時、呼吸3を得る<br>2d8：的中時、出血1を付与	なし	なし	弓閃	斬撃：色欲<br>自分の呼吸と対象の出血の合計が4につきマッチ威力+1(最大3)<br>使用時：消費した[矢-死1]につき、ダメージ量+2(最大8)<br>2d4+1：的中時、呼吸2を得る。クリティカル的中時、呼吸1を得る<br>2d4+2：的中時、出血1を付与。クリティカル的中時、次のRに出血2を付与<br>3d4：的中時、出血4を付与<br>4d4：クリティカル的中時、次のRに脆弱2を付与	なし	なし	閃弓	貫通：色欲<br>[マッチ不可]<br>[目標照準]1につきダメージ量+4（最大16）<br>[目標照準]1につきクリティカルダメージ量+4（最大16）<br>[目標照準]が4なら代わりにクリティカルダメージ量+44<br>自分の呼吸4につきスキル威力+2（最大10）<br>[目標照準]1につきスキルd値+1（最大4）<br>使用時：[目標照準]1につき呼吸を5得る<br>敵討伐時：次のRに[絶命]1を得る<br>攻撃後：[狙撃姿勢]と[目標照準]を削除<br>4d4：的中時、[刺さった矢]1を付与し、[矢-死]を1減少	[狙撃姿勢] 最大1 バフ<br>このバフがある時、スキル1~4がすべて、スキル5に置き換わる(大罪は置き換えたスキルのものに変更)<br>[目標標準]が最大ならスキル0も置き換え可能になる<br>使用する該当するスキルランクによって下記の効果を適用<br>スキル0：なし<br>スキル1：スキル威力+1。ダメージ量+2<br>スキル2：スキル威力+1。ダメージ量+4<br>スキル3：スキル威力+2。ダメージ量+6<br>スキル4：スキル威力+4。ダメージ量+12<br><br>[矢-死] 最大4 中立バフ<br>特定スキルにて矢を消費<br><br>[目標照準] 最大4 バフ<br>[狙撃姿勢]がないなら消滅<br><br>[刺さった矢] 最大4 デバフ<br>R開始時、出血を数値だけ獲得<br>R終了時、数値が2以上なら次のRに脆弱を1得る<br>自分が死亡、退却、効果解除および消滅時にこの効果を付与した東部シ協会人格に[矢-死]を付与<br><br>[絶命] 最大1 バフ<br>スキル威力+1。ダメージ量+2<br>R終了時消滅
124	南部センク協会4課フィクサーの人格	センク協会	120	45	3d2	弱点	普通	抵抗	なし	いなす	傲慢x3 保有	なし	回避成功時、次のRにクイック1を得てSAN6回復	ルトレット	回避：傲慢<br>対象より速度が高いなら、対象との速度差1ごとにスキル威力+1（最大3）<br>使用時：次のRにクイック1を得る<br>8d2	なし	なし	アレ	貫通：色欲<br>対象より速度が高いなら、対象との速度差2ごとにスキル威力+1（最大2）<br>使用時：呼吸3を得る<br>2d7：的中時、呼吸1を得る<br>2d7：的中時、呼吸1を得る	なし	なし	アンガジェマン	貫通：傲慢<br>対象より速度が高いなら、対象との速度差2ごとにスキル威力+1（最大2）<br>使用時：呼吸4を得る<br>5d2：的中時、呼吸1を得る<br>5d2：的中時、呼吸1を得る<br>6d2：的中時、呼吸1を得る	サリュー	貫通：憂鬱<br>自分の速度が10以上ならスキル威力+3<br>マッチ勝利時：マッチ回数1ごとにダメージ量+1（最大5）<br>7d2<br>7d2：的中時、次のRにクイック2を得る	なし	なし	バレストラフォント	貫通：色欲<br>自分の呼吸が10以上ならスキル威力+4<br>マッチ勝利時：マッチ回数だけ呼吸を得る（最大10）<br>6d2：的中時、[決闘宣布-○○]を付与。速度が最も低い味方2名に次のRにクイック2を付与。クリティカルダメージ量+7	なし	なし	なし	なし	なし
125	東部センク協会3課フィクサーBの人格	センク協会	120	45	3d2	弱点	普通	抵抗	なし	草炎玉球	傲慢x2 憤怒x2 保有	なし	R終了時、自分の呼吸3ごとに次のRにクイック1を得る（最大2）。<br>通常スキルで攻撃的中時、[点穴-○○]1を付与（1Rに1回）	雲のように軽やかに	回避：憤怒<br>対象より速度が高いなら、対象との速度差1ごとにスキル威力+1（最大3）<br>使用時：次のRにクイック1を得る<br>8d2	なし	なし	発勁	貫通：憂鬱<br>自分の呼吸と対象の火傷の合計6ごとにマッチ威力+1（最大2）<br>使用時：呼吸3を得る<br>6d2：的中時、火傷1を付与。対象の自分が付与した[点穴]が3以上ならこのダイスを1度だけ再使用。再使用的中時、火傷1を付与	なし	なし	草炎掌	貫通：憤怒<br>自分の呼吸と対象の火傷の合計6ごとにマッチ威力+1（最大2）<br>マッチ勝利時：呼吸3を得る<br>4d3：的中時、呼吸1を得て火傷1を付与<br>4d3：的中時、火傷1を付与。対象の自分が付与した[点穴]が3以上ならこのダイスを1度だけ再使用。再使用的中時、[点穴]だけ脆弱を付与	雲のように強かに	貫通：嫉妬<br>自分の呼吸と対象の火傷の合計6ごとにマッチ威力+1（最大2）<br>使用時：呼吸1を得る<br>2d8：的中時、呼吸1を得る、対象の自分が付与した点穴だけ呼吸を追加で得る<br>2d8+1：的中時、火傷1を付与。クリティカルダメージ量+2。対象の自分が付与した点穴が3以上ならこのダイスを1度だけ再使用	なし	なし	最後の一手まで	貫通：傲慢<br>自分の速度が対象より2以上高ければ、スキル威力+1<br>使用時：自分の呼吸と対象の火傷の合計が6以上ならスキル威力+1<br>マッチ勝利時：呼吸2を得る。対象の自分が付与した[点穴]だけ追加で呼吸を得る<br>2d4+3：的中時、火傷2を付与<br>2d4+3：的中時、火傷2を付与<br>2d6+2：クリティカルダメージ量+（自分の呼吸+対象の火傷）（最大6）。対象の自分が付与した[点穴]が3以上ならこのダイスを1度だけ再使用	なし	なし	なし	なし	[点穴-○○] 最大3 中立バフ<br>[点穴-○○]を付与したキャラクターが、付与されたキャラクターへスキル使用時、数値によって下記の効果を得る<br>1：火傷付与量+1<br>2：火傷付与量+1、マッチ威力+1<br>3：火傷付与量+1、スキル威力+1<br>[点穴-○○]の付与された敵に攻撃を的中させることができなければR終了時に消滅
126	南部リウ協会3課フィクサーの人格	リウ協会	120	50	3d2	抵抗	普通	弱点	なし	内なる熱血	憤怒x3 保有	なし	累計で火傷を10以上付与した時、感情レベル1上昇（1戦闘1回まで発動）。<br>感情レベルが2以上ならスキル威力+1	炎反	斬撃反撃：憤怒<br>被ダメージ直前：対象の火傷の数だけバリアを得る（最大10）<br>2d8<br>2d8：的中時、火傷1を付与	なし	なし	炎斬	斬撃：怠惰<br>対象の火傷が6以上ならスキル威力+1<br>2d7：的中時、火傷1を付与<br>2d7：的中時、火傷1を付与	なし	なし	正面突破	斬撃：憤怒<br>対象の火傷が6以上ならスキル威力+1<br>2d6：的中時、火傷1を付与<br>2d6：的中時、火傷1を付与<br>2d8：対象の火傷2ごとにダメージ量+1（最大5）	速剣	貫通：色欲<br>4d4：的中時、次のダイスに「的中時、次のRにクイックを2得る」を付与。過半数的中時、このダイスを1度だけ再使用<br>2d8：的中時、対象に火傷1を付与	なし	なし	剣の流れ	斬撃：嫉妬<br>使用時：感情レベルが3以上ならスキル威力+2<br>3d4：的中時、火傷1を付与<br>3d4：的中時、火傷1を付与<br>2d8<br>2d8：的中時、[葬炎]	なし	なし	なし	なし	なし
127	南部ディエーチ協会4課Bの人格	ディエーチ協会	115	50	3d2	抵抗	弱点	普通	なし	鍵を覗き込む	憂鬱x3 共鳴	舞台開始時、[探求した知識1]を得る	自分がスキルを捨てるとき、捨てたスキルのランクだけダメージ量増加を得る（最大4）。<br>自分を除いた味方がスキルを捨てるとき、捨てたスキルのランクが自分の[探求した知識]より高ければ、自分の[探求した知識]+1	導く歩み	回避：憂鬱<br>使用時：ランダムなスキルを2つ捨てる<br>7d2	なし	なし	知識消耗	斬撃：憤怒<br>自分の[探求した知識]-1だけマッチ威力増加<br>使用時：ランダムなスキルを1つ捨てる<br>2d8：的中時、([探求した知識]-2）以上だけこのダイスを再使用。過半数的中時、沈潜1付与	なし	なし	知識の加護	斬撃：嫉妬<br>使用時：ランダムなスキルを1つ捨てる。[探求した知識]が3以上ならこのRと次のRにパワー2を得る<br>4d2+1<br>4d2+1：的中時、沈潜3を付与	開け放つ	斬撃：憂鬱<br>自分の探求した知識-1だけスキル威力増加<br>使用時：ランダムなスキルを2つ捨てる<br>4d3<br>4d3<br>6d2：的中時、沈潜3を付与	なし	なし	循環する知識	斬撃：怠惰<br>対象の沈潜3ごとにダメージ量+1（最大4）<br>使用時：[探求した知識]が3以上なら、スキル威力が[探求した知識]だけ増加<br>5d2<br>5d2<br>6d2+1：的中時、沈潜4を付与。攻撃後、対象が死亡または混乱したならSAN10回復	なし	なし	なし	なし	なし
128	ホイールズ・インダストリー所属フィクサーの人格	ホイールズ・インダストリー	120	50	1d5	弱点	普通	抵抗	なし	熱狂	暴食x2 共鳴	なし	敵討伐時、感情レベルを1上昇。<br>自分が得る感情レベル効果でのダメージ量増加量が2倍になる	エウリュディケ	防御：暴食<br>戦闘開始時：虚弱x3だけバリアを得る（最大20）次のRにパワー1を得る<br>2d8<br>2d8	なし	なし	大地を抉る	斬撃：傲慢<br>使用時：次のRに虚弱1を得る<br>2d7+1<br>5d3：過半数的中時、対象の破壊不能ダイスを1つ[摘出]。未半数的中時、次のRにパワー2を得る	なし	なし	強く押しつぶす	打撃：憤怒<br>使用時：次のRに虚弱1を得る<br>マッチ進行時：対象とのマッチ回数2ごとにマッチ威力+2（最大2回）<br>2d9+3	ホイールズ・インダストリー	打撃：暴食<br>使用時：次のRに虚弱3を得る<br>敵討伐時：全ての味方に次のRにダメージ量増加2を付与<br>7d2+3：過半数的中時、対象の破壊不能ダイスを3つ[摘出]。未半数的中時、10の追加HPダメージ	なし	なし	地盤沈下	打撃広域3：嫉妬<br>[衝撃広域]<br>使用時：次のRに虚弱3を得る<br>8d2+2：対象の破壊不能ダイスx2だけスキル威力増加（最大10）	なし	なし	なし	なし	[摘出]<br>破壊不能ダイスが使用不可になる(指定された値だけ破壊)<br><br>[衝撃広域]<br>メインターゲットのいる速度値にいるキャラクターを両隣順にサブターゲットに指定<br>また、メインターゲットと違う速度値にいるキャラクターはターゲットに指定されない
129	定事務所フィクサーの人格	定事務所	110	55	2d3	抵抗	弱点	普通	なし	抜き取り	怠惰x2 憂鬱x2 保有	舞台開始時、[光札]を0の状態で開始しランダムな[組札]を得る	士気低下または混乱状態の敵へのダメージ量+3。<br>未半数的中時、SANを2回復	昼高夜卑	マッチ可能斬撃反撃：嫉妬<br>戦闘開始時：ランダムな別々のスキルを2つ捨てる<br>使用時：[光札]が2以上ならスキルd値+1<br>2d8：的中時、沈潜2を付与<br>2d8：的中時、振動2を付与	なし	なし	鶴斬り	斬撃：憤怒<br>このスキルが捨てられたなら憤怒大罪資源を1獲得<br>使用時：このスキル以外のスキルをランダムに1つ捨てる<br>2d8：的中時、沈潜1を付与。過半数的中時、沈潜3を付与<br>2d8：的中時、振動1を付与。過半数的中時、振動3を付与	なし	なし	芒流し	斬撃：怠惰<br>このスキルが捨てられたなら怠惰大罪資源を1獲得<br>使用時：このスキル以外のスキルをランダムに1つ捨てる<br>4d2：的中時、沈潜2を付与。過半数的中時、沈潜1を付与<br>4d2：的中時、振動2を付与。過半数的中時、振動1を付与<br>2d5+3：的中時、SAN5回復	鳳凰閃	斬撃：傲慢<br>このスキルが捨てられたなら傲慢大罪資源を1獲得<br>使用時：このスキル以外のスキルをランダムに1つ捨てる<br>攻撃後：後方の味方全員にクイック1を付与<br>6d2：マッチ勝利的中時、次のRに麻痺2を付与	なし	なし	桜閃	斬撃：憂鬱<br>このスキルが捨てられたなら憂鬱大罪資源を1獲得<br>自分の[光札]だけダメージ量増加（最大3）<br>使用時：このスキル以外のスキルをランダムに1つ捨てる<br>5d2：的中時、振動2と沈潜3を付与<br>5d2：過半数的中時、振動4と沈潜3を付与<br>2d7+2：対象が[振幅変換]または[振幅絡縺]状態ならこのダイスのダメージ量+50%。的中時、対象が[振幅変換]状態でないなら[振動-崩壊]へ[振幅変換]	なし	なし	三光斬	斬撃：嫉妬<br>[マッチ不可]<br> このスキルは戦術選択ダイスロールに含まれない<br>守備スキルを発動させず、外部効果でダイスの再使用不可<br>使用前：自分の[光札]が3未満ならスキルがキャンセルされて次のRにパワー2を得る<br>使用時：自分の[光札]が3以上なら数値1ごとに下記の効果を適用1ごとにダメージ量+1。3以上なら最後の再使用ダイス的中時に2回[振動爆発]。振動を1消費<br>攻撃後：自分の[光札]が消滅<br>使用後：使用できなかったダイスの数だけ[光札]を得る。<br>2d8：自分の([光札]-1)だけこのダイスを再使用(最大2)。的中時、振動1と沈潜1を付与。過半数的中時、次のRに脆弱1を付与	[光札] 最大3 バフ<br>R開始時、数値1につきダメージ量増加を得る（最大3）<br>前のRと同じ[組札]で[組札]関連の効果を発動する時、[光札]1を追加で得る。<br>E.G.Oスキルを使用するなら[光札]1を得る<br>[光札]が最大、または3Rごとに攻撃後、スキル5を使用する<br>[定事務所代表の人格専用効果]<br>最大値が5になる<br><br>[組札] 最大1 中立バフ<br>戦術選択ダイスロールで出た最左端に該当するスキルランクに応じた[組札]に変換する。<br>該当する[組札]が指定した大罪のスキルを使用する度に[光札]1を得て、最後のダイスに「的中時、振動爆発。振動3消費」を追加<br><br>[組札-松に鶴] 最大1<br>戦術選択ロールで出た最左端に該当するスキルランクに応じた[組札]に変換する。<br>スキル1のスキル威力+2<br>憤怒スキルを使用するなら[組札]関連の効果を発動<br><br>[組札-芒に月] 最大1<br>戦術選択ロールで出た最左端に該当するスキルランクに応じた[組札]に変換する。<br>スキル2のスキル威力+2<br>怠惰スキルを使用するなら[組札]関連の効果を発動<br><br>[組札-桐に鳳凰] 最大1<br>戦術選択ロールで出た最左端に該当するスキルランクに応じた[組札]に変換する。<br>スキル3のスキル威力+1<br>傲慢スキルを使用するなら[組札]関連の効果を発動<br><br>[組札-潤みに桜] 最大1<br>戦術選択ロールで出た最左端に該当するスキルランクに応じた[組札]に変換する。<br>スキル4のダメージ量+3<br>憂鬱スキルを使用するなら[組札]関連の効果を発動
130	黒獣-未の人格	黒獣,黒獣-未,H社	115	50	3d2+1	抵抗	弱点	普通	なし	黒獣化【未】	暴食x3 憂鬱x3 保有	なし	対象のSANが0ならダメージ量が（対象の沈潜/3）だけ増加（最大5）。<br>SANがない対象なら沈潜と破裂の合計4につきダメージ量+1（最大5）	発破角砕	マッチ可能打撃反撃：暴食<br>使用時：次のRに[発角]3を得る<br>5d2：的中時、破裂1を付与<br>5d2：的中時、沈潜1を付与	なし	なし	突破	打撃：色欲<br>対象に[破砕痕]があるならダメージ量+2<br>対象の破裂と沈潜の合計が6以上ならスキルd値+1<br>2d7：過半数的中時、沈潜2と破裂2を付与<br>2d7：的中時、沈潜1と破裂1を付与	なし	なし	前へ！	打撃：憂鬱<br>対象に[破砕痕]があるならダメージ量+2<br>対象の破裂と沈潜の合計6につきスキル威力+1（最大2）<br>2d6：的中時、[破裂爆発]。破裂を3消費<br>2d6：的中時、[破裂爆発]。破裂を3消費<br>2d8：過半数的中時、沈潜4を付与。的中時、破裂2を付与	破竹之勢	打撃：暴食<br>対象の破裂と沈潜の合計が6以上ならスキルd値+1<br>戦闘開始時：自分に発角があるなら、このスキルの最後のダイスが破壊不能ダイスになる<br>4d2：的中時、破裂1を付与<br>4d2：的中時、沈潜1を付与<br>2d7：的中時、破裂爆発。破裂1消費。自分に発角があるなら、数値1につきこのダイスの最終ダメージ量の5％だけ斬撃ダメージを追加で与える（最大15％）	なし	なし	粉砕角	打撃：憂鬱<br>対象の破裂と沈潜の合計6につきスキル威力+1（最大2）<br>戦闘開始時：自分に[発角]があるなら、このスキルの全てのダイスが破壊不能ダイスになる<br>使用時：[発角]3を得る<br>2d7<br>2d8：的中時、沈潜1と破裂1を付与。過半数的中時、沈潜1と破裂1を付与<br>2d8：的中時、沈潜2と破裂2を付与<br>4d3：対象の精神変更効果があるなら、数値1につきダメージ量+2（最大6）。的中時、次のRに[破砕痕]3を付与。このダイスの最終ダメージ量の25％だけ斬撃ダメージを追加で与える。対象に[破砕痕]があるなら代わりに50％だけ斬撃ダメージを追加で与える	なし	なし	なし	なし	[発角] 最大3 バフ<br>沈潜・破裂付与量+1<br>守備スキルを装着した敵への最終ダイスダメージ量+5<br>マッチ可能守備スキルとマッチ進行時、マッチ威力+3<br>R終了時、1減少<br><br>[破砕痕] 最大3 デバフ<br>暴食・憂鬱スキルから受けるダメージ量+2<br>自分の精神が【破砕痕】に変更される。自分にSANがないなら、マッチ威力減少1を得る<br>R終了時、1減少<br><br>【破砕痕】精神<br>士気低下効果：マッチ威力-1。脆弱3を得る<br>混乱効果：マッチ威力-1。<br>全ての耐性が脆弱になる。<br>沈潜と破裂で受けるダメージ量+50%
131	ロボトミーE.G.O::懺悔の人格	ロボトミーコーポレーション,E.G.O装備	105	55	1d6	普通	弱点	抵抗	なし	苦難	傲慢x2 共鳴	自分が得る充電が全て[懺悔]に変換される。	マッチ終了時、マッチ回数だけSAN回復（最大5）。<br>基本攻撃スキルで味方を攻撃時、ダメージ量が必ず0になる	告解	防御：憂鬱<br>戦闘開始時：バリアを[懺悔]の数だけ得る<br>5d2：守備時、[懺悔]2を得る	なし	なし	慈悲深き主よ	打撃：傲慢<br>[味方指定可能]<br>使用時：自分の[懺悔]が15以上ならSAN回復量の最大値+3<br>2d7：的中時、対象が味方なら対象の減少SAN/5につき対象のSAN1回復（最大5）<br>2d7：的中時、対象が味方なら対象の減少SAN/5につき対象のSAN1回復（最大5）	なし	なし	この身が裁かれる日の前に	打撃：色欲<br>自分の[懺悔]が7以上ならマッチ威力+1<br>2d9：的中時、自分の[懺悔]が10以上なら、対象のバリアを最大5吸収<br>2d9：的中時、[懺悔]3を得る。過半数的中時、[懺悔]2を得る	許しという贈り物を我に与えたまえ	打撃：憂鬱<br>自分の懺悔が15以上ならスキル威力+1<br>使用時：懺悔4を得る<br>5d2：的中時、自分の懺悔/5だけSAN回復<br>5d2：的中時、自分の懺悔/5だけSAN回復<br>3d4+1：過半数的中時、懺悔6を得る	なし	なし	どうかかの日の私が救われん事を	打撃：傲慢<br>使用時：自分のSANが最大ならマッチ威力+2<br>攻撃後：自分の[懺悔]が20なら[懺悔]を全て消費しランダムな味方1名のSAN15回復<br>1d10+6：過半数的中時、[懺悔]7を得る<br>1d10+6：的中時、自分と現在HPが最も低い味方1名のHPを自分の[懺悔]/3だけ回復（最大6）	なし	なし	なし	なし	[懺悔] 最大20 バフ<br>このバフは充電として扱う<br>R開始時、[懺悔]/2だけバリアを得る（最大10）<br>R終了時、数値が1~7/8~15/16~20ならSANを2/4/6回復<br>消費時、特定スキルの能力が上昇
132	ロボトミーE.G.O::赤眼の人格	ロボトミーコーポレーション,E.G.O装備	115	50	1d6	普通	弱点	抵抗	なし	蜘蛛の糸	色欲x3 保有	自分が得る充電が全て[赤眼]に変換される。	マッチ勝利時、次のRに束縛1を付与。<br>対象が束縛状態ならダメージ量+1~4	警戒	打撃反撃：色欲<br>このスキルが使用されなければSAN8回復<br>2d10<br>2d10：的中時、[赤眼]3を得る	なし	なし	餌狩り	打撃：嫉妬<br>自分の[赤眼]が7以上ならスキルd値+1<br>2d8：過半数的中時、[赤眼]2を得る<br>2d8：的中時、[赤眼]2を得て対象に出血1を付与	なし	なし	ぎらつく瞳	打撃：憤怒<br>対象の出血が6以上ならスキルd数+1<br>4d2<br>4d2：的中時、[赤眼]2を得る<br>3d3：的中時、対象の出血/3だけ[赤眼]を得る（最大5）	号哭	打撃：暴食<br>対象の出血が6以上ならスキル威力+2<br>戦闘開始時：ランダムな出血状態の敵1名に束縛2を付与<br>使用時：赤眼2を得る<br>4d3<br>4d3：的中時、対象の出血/4だけHP1回復（最大10）	なし	なし	赤眼	打撃：色欲<br>対象の速度が自分より3以上低ければスキル威力+3<br>攻撃後：自分の[赤眼]が20なら[赤眼]を全て消費。（消費した[赤眼]-15）だけ出血を付与（最大5）<br>3d4：過半数的中時、出血2を付与<br>3d4：的中時、次のRに束縛2を付与<br>3d7：的中時、次のRに虚弱1を付与	なし	なし	なし	なし	[赤眼] 最大20 バフ<br>このバフは充電として扱う<br>R終了時、数値が1~7/8~15/16~20なら出血付与量+0/1/2<br>消費時、特定スキルの能力が上昇
133	ロボトミーE.G.O::寂しさの人格	ロボトミーコーポレーション,E.G.O装備	110	55	3d2	弱点	抵抗	普通	6	満たされない虚空	憂鬱x2 保有	舞台開始時、自分の弾丸を[弾丸-孤独]へ[弾倉変換]。<br>自分の保有弾丸数が1以上の時、自分または味方の攻撃終了時に敵のSANが25％未満か混乱状態なら「子守歌」で一方攻撃（1Rにつき1回）	自分の攻撃終了時に弾丸が0なら、ランダムな敵1名に「止まらない物語」で一方攻撃して[再装填]	回避	回避：憂鬱<br>使用時：次のRに憂鬱威力増加1を得る<br>2d10	なし	なし	子守歌	貫通：怠惰<br>2d8：銃撃。弾丸1消費。的中時、沈潜2を付与<br>2d8：銃撃。弾丸1消費。的中時、振動2を付与	止まらない物語	貫通：怠惰<br>広域：対象3体<br>[マッチ不可]<br>[広域乱射]<br>このスキルで孤独を付与する時、対象がこのRに、あるいは次のRに付与される[孤独]があるなら、代わりに[振動爆発]。振動を1消費<br>1d2+6：的中時、沈潜1を付与。次のRに[孤独]2を付与<br>1d2+7：的中時、振動2を付与。次のRに[孤独]2を付与<br>1d2+8：的中時、振動2を付与。次のRに[孤独]2を付与	気味悪い怪談	貫通：嫉妬<br>使用時：対象の振動が10以上なら沈潜4を付与<br>6d2+1：銃撃。弾丸1消費。的中時、振動3を付与<br>6d2+1：銃撃。弾丸1消費。的中時、[振動爆発]。振動を4消費	抽象的な詩	貫通：憂鬱<br>戦闘開始時：孤独を持つ敵に沈潜3を付与<br>2d10：銃撃。弾丸1消費。的中時、沈潜2を付与<br>2d10：銃撃。弾丸1消費。的中時、振動爆発。振動2消費	なし	なし	孤独	貫通：憂鬱<br>対象のSANが50％未満ならスキル威力+3<br>戦闘開始時：混乱状態の敵に[孤独]1を付与<br>攻撃後：SAN10減少<br>4d4+1：銃撃。弾丸1消費。的中時、沈潜3を付与<br>4d4+1：銃撃。弾丸1消費。的中時、対象の沈潜を[沈潜-孤独]へ[沈思変換]	なし	なし	なし	なし	[弾丸-孤独]<br>銃撃ダイスで振動爆発時、沈潜2を付与<br>消費することで特定戦術の能力が向上<br><br>[沈潜-孤独]<br>最大99 デバフ<br>R開始時、数値10ごとに5回まで混乱脆弱1を得る。<br>R終了時、数値だけSANダメージを受けて数値を半減。SANが存在しない、または0なら代わりに沈潜の数の半分だけHPダメージを受けて沈潜の数を半減（最大99）<br><br>[孤独] 最大3 デバフ<br>憂鬱属性スキルによる被ダメージ量+3<br>自分の精神が【孤独】に変更される。<br>R終了時1減少<br><br>【孤独】精神<br>士気低下効果：R開始時、沈潜3を得る<br>混乱効果：全ての耐性が脆弱になる。<br>R開始時、沈潜5を得る
134	ロボトミーE.G.O::残香の人格	ロボトミーコーポレーション,E.G.O装備	120	50	2d3	弱点	抵抗	普通	なし	枯れない花	怠惰x1 憂鬱x2 保有	なし	敵が受けた沈潜ダメージ/2だけ[花びら]を得る（最大10）敵に付与される[残香]だけ[花びら]を得る。<br>振動爆発時、[花びら]2を得る。<br>自分の攻撃終了時、自分の[花びら]が30以上なら、[残香]が最も高い対象へ「恍惚とした結末」を使用	花びらの涙	回避：憂鬱<br>R終了時：[花びら]10を得て次のRに脆弱2とパワー1を得る<br>7d2	なし	なし	立ち籠める香り	貫通：怠惰<br>対象の振動と沈潜の合計6ごとにスキル威力+1（最大2）<br>6d2：的中時、[残香]2と振動2を付与<br>6d2：的中時、[残香]2と沈潜2を付与	なし	なし	春の誕生	貫通：暴食<br>対象の振動と沈潜の合計6ごとにスキル威力+1（最大2）<br>使用時：対象の[残香]10につきダメージ量+2<br>4d2+1：的中時、[残香]2と振動1を付与<br>4d2+1：的中時、[残香]2と沈潜1を付与<br>2d9：的中時、[振動爆発]。振動を2消費	咲き出す香り	貫通：嫉妬<br>対象の振動と沈潜の合計6ごとにスキル威力+1（最大2）<br>6d2<br>2d9：的中時、残香3振動2を付与<br>2d9：的中時、残香3振動2を付与	なし	なし	満開	貫通：憂鬱<br>対象の振動と沈潜の合計6ごとにスキルd値+1（最大2）<br>2d7：的中時、[残香]1と沈潜3を付与<br>2d7<br>2d9：的中時、[残香]2と振動2を付与。[振動爆発]。振動を3消費。対象の沈潜を1回発動し沈潜5減少	恍惚とした結末	貫通：憂鬱<br>広域：対象3体<br>[マッチ不可]<br>このスキルは外部効果でダイス・スキルの再使用ができない<br>サブターゲットがいないならダメージ量+10<br>使用時：全対象の残香の合計5ごとにスキル威力+1（最大6）<br>攻撃後：自分の[花びら]が消滅<br>2d12：的中時、[残香]5と沈潜3と振動3を付与。[振動爆発]。振動を2消費。対象の沈潜を1回発動し沈潜5減少	なし	なし	[花びら] 最大30 バフ<br>数値10につき与ダメージ量+1<br>数値が30ならマッチ威力+1<br>1Rに最大15まで得られる<br><br>[残香] 最大30 デバフ<br>沈潜ダメージを受ければ、数値が5増加<br>振動爆発時、自分を除くランダムな味方3名へ[残香]1~2を付与<br>R開始時、数値が最大なら、振動2を得て[振動爆発]。自分の沈潜だけ憂鬱ダメージを受けて[残香]が消滅。この効果が発動時、このRの間、[残香]を得られない。<br>死亡時、味方に自分の[残香]を数値の半分だけランダムに分けて付与
135	ロボトミーE.G.O::ホーネット【変調】の人格	ロボトミーコーポレーション,E.G.O装備	115	50	1d7	普通	抵抗	弱点	16	胞子拡散	憤怒x3 保有	舞台開始時、自分の弾丸を10発[弾丸-胞子弾[基本]]へ[弾倉変換]し、自分の弾丸を6発[弾丸-胞子弾[散弾]]へ[弾倉変換]。<br>[胞子弾[散弾]]を消費するダイスを使用する前、[胞子弾[散弾]]がないならSAN2と[胞子弾[基本]]2を消費して[胞子弾[散弾]]1を得る。<br>スキル使用中に弾丸が不足した場合、次のダイスを全てキャンセルして[再装填]	[胞子]を持つ対象が死亡時、[忠誠フェロモン]1を得る。<br>[胞子]を保有した敵を討伐時、次のRの間付与する[胞子]が2倍になる	胞子補充	回避：憤怒<br>戦闘開始時：[再装填-残弾維持]<br>2d9：回避成功時、自分のHP10回復（1Rにつき1回）	なし	なし	威嚇射撃	貫通：色欲<br>対象の[胞子]5につき、ダメージ量+1（最大3）<br>使用前：自分の[胞子弾[基本]]が最大値なら的中時に貫通脆弱1を付与（1Rにつき1回）<br>4d3：銃撃。[胞子弾[基本]]を1消費。的中時、火傷2を付与<br>4d3：銃撃。[胞子弾[基本]]を1消費。的中時、次のRに出血2を付与	なし	なし	栄光の烙印	マッチ可能防御：怠惰<br>戦闘開始時：敵全体の[胞子]5につきランダムな味方1名にパワー1を付与（最大5）<br>使用時：[再装填-残弾維持]<br>8d2	E.G.O変調-散弾	貫通広域2：憤怒<br>サブターゲットへの与ダメージ量-50%<br>対象の胞子5につき、ダメージ量+2（最大6）<br>使用時：自分の忠誠フェロモンだけ、最終ダイスから破壊不能ダイスに変更される<br>攻撃後：自分の胞子弾[基本]が1以下なら再装填<br>6d2：銃撃。胞子弾[散弾]を1消費。的中時、火傷1を付与<br>6d2：銃撃。胞子弾[散弾]を1消費。的中時、次のRに出血1を付与<br>7d2：銃撃。胞子弾[散弾]を1消費。的中時、火傷2を付与	なし	なし	臨床実験-粉塵灼熱	貫通：憤怒<br>広域：対象2体<br>サブターゲットがいないなら、ダメージ量+3<br>対象の[胞子]5につき、ダメージ量+1（最大3）<br>使用前：自分の[胞子弾[基本]]が2以下なら、SANを6消費して[胞子弾[基本]]を3得る<br>使用時：自分の[忠誠フェロモン]だけ、3つ目のダイスから破壊不能ダイスに変更される。自分の[忠誠フェロモン]が3なら広域指定人数+1<br>攻撃後：[再装填]<br>6d2：このダイスは1名の対象のみ的中する（メインターゲットに優先適用）銃撃。[胞子弾[基本]]を1消費。的中時、火傷3を付与<br>6d2：このダイスは1名の対象のみ的中する（メインターゲットに優先適用）銃撃。[胞子弾[基本]]を1消費。的中時、出血2を付与<br>6d2：このダイスは1名の対象のみ的中する（メインターゲットに優先適用）銃撃。[胞子弾[基本]]を1消費。的中時、出血2を付与<br>8d2：破壊不能ダイス。銃撃。[胞子弾[散弾]]を1消費。的中時、火傷1と出血2を付与。サブターゲットの与ダメージ量-50%。破壊されずに的中時、対象の[胞子]が最大値なら（火傷x[胞子]/10）だけ憤怒ダメージを与えて対象の火傷3減少し[胞子]が消滅	なし	なし	なし	なし	[弾丸-胞子弾[基本]]<br>銃撃ダイスで消費して的中時、[胞子]2を付与<br>消費することで特定戦術の能力が向上<br><br>[弾丸-胞子弾[散弾]]<br>銃撃ダイスで消費して的中時、[胞子]3を付与<br>消費することで特定戦術の能力が向上<br><br>[胞子] 最大15 デバフ<br>R終了時、数値5につき火傷2を得る<br>次のRに束縛1を得る<br><br>[忠誠フェロモン] 最大3 バフ<br>数値によってR終了時、次のRに下記の効果を得る<br>1~：保護1<br>2~：クイック1<br>3：マッチ威力増加1
136	LCE E.G.O::AEDDの人格	リンバスカンパニー,LCE,E.G.O装備	135	45	2d3	抵抗	普通	弱点	なし	しぶとい生命力	憂鬱x2 嫉妬x2 保有	戦闘中、累計で自分の充電を10消費する度に電圧1を得る。<br>充電力場を得るとき、[高電圧外皮]に変換されて得る	戦闘開始時、充電10を得る（1戦闘ごとに1回）<br>この戦闘でHPが0になるダメージを受けた時、（5+自分の電圧x3）だけ[自家発電]を得る（最大20。1戦闘につき1回）	とぐろを巻く	防御：嫉妬<br>戦闘開始時：高電圧外皮2を得る<br>使用時：電圧/2だけd値が増加（最大5）。次のRに挑発値5を得る<br>2d4：守備時、充電2を得る<br>2d2<br>2d1	なし	なし	交流放出	斬撃反撃：憂鬱<br>戦闘開始時：自分の電圧だけ[高電圧外皮]を得る（最大3）<br>使用時：自分の充電を最大10まで消費し、消費した充電1につき充電を保有している充電が最も低い味方1名に充電1を付与<br>6d2：的中時、破裂2を付与<br>6d2：的中時、[破裂爆発]。破裂を4消費	なし	なし	電気放流	斬撃：暴食<br>自分の電圧1につきダメージ量+1（最大3）<br>自分の充電が5以上ならマッチ威力+1<br>使用時：自分の充電が10未満なら、充電2を得る<br>2d8：的中時、破裂2を付与し充電2を得る<br>2d8+1：的中時、破裂2を付与し充電2を得る	直流インバーティング	斬撃：憂鬱<br>自分の電圧1につきダメージ量+1（最大2）<br>戦闘開始時：自分の電圧が3以上なら最終ダイスが破壊不能ダイスになる<br>使用時：自分の充電が10以上なら、充電5を消費してスキル威力+1<br>4d3：的中時、破裂1を付与し充電4を得る<br>4d3：的中時、破裂2を付与し（電圧+1）だけ、充電を得る（最大4）<br>2d9：的中時、光電2を付与。電圧が3以上なら追加で1付与	なし	なし	高圧電流放電	斬撃：嫉妬<br>戦闘開始時：自分の電圧だけ[高電圧外皮]を得る（最大3）。<br>使用前：自分の電圧が3以上なら「出力最大-超高圧電流放電」として発動<br>使用時：自分の充電が10以上なら、充電を10消費してスキルd値+2<br>2d7：的中時、充電1を得る<br>2d7<br>2d8：的中時、破裂3と[光電]2を付与し[破裂爆発]。破裂を4消費。自分の電圧だけ次のRに[電荷針]を付与（最大3）	出力最大-超高圧電流放電	斬撃：嫉妬<br>広域：対象3体<br>使用時：自分の充電が10以上なら、充電を10消費してスキルd値+3<br>2d7+2：破壊不能ダイス。的中時、破裂2を付与し[破裂爆発]。破裂を3消費<br>2d7+2：破壊不能ダイス。的中時、破裂2を付与し[破裂爆発]。破裂を3消費<br>2d8+3：破壊不能ダイス。的中時、光電3を付与し[破裂爆発]。破裂を4消費。自分の電圧だけ次のRに[電荷針]を付与（最大3）。電圧が5以上なら、代わりにこのRと次のRに[電荷針]3を付与	なし	なし	[高電圧外皮] 最大20 バフ<br>戦闘開始時、数値x5だけバリアを得る。<br>R終了時、数値だけ充電を得て、消滅<br><br>[自家発電] 最大20 バフ<br>スキル威力+2<br>数値が減少する度に、その数値だけ充電を得る<br>この効果が消滅するまでHPが1未満に下がらない<br>以下の条件を満たすと減少<br>自分が攻撃を受けたスキルの攻撃が終了時、1減少<br>自分の攻撃終了時、3減少<br>R終了時、5減少<br><br>[電荷針] 最大5 デバフ<br>充電を獲得・消費するスキルからの被ダメージ量が数値1につき1増加（最大5）<br>そのスキルが嫉妬属性なら、効果が強化されて、数値1につき2増加（最大8）<br>効果発動条件に合うスキルで被ダメージ後、当該スキルの攻撃終了時または、R終了時に1減少<br>ただし、[電荷針]を付与する基本攻撃スキルでダメージを受けた場合は数値が減少しない
137	LCE E.G.O::次元裂きの人格	リンバスカンパニー,LCE,E.G.O装備	110	55	1d8	抵抗	普通	弱点	なし	次元逃走	嫉妬x4 保有	戦闘中、累計で自分の充電を10消費する度に電圧1を得る。<br>自分のHPが25％以下なら、1度だけ次のR開始時に[戦線離脱]。<br>その次のR開始時に四色次元4を得る	自分の速度が対象よりも高いなら、自分の電圧だけダメージ量増加（最大3）<br>R終了時、自分の電圧/2だけ次のRにクイック1を得る（最大2）	回避	回避：嫉妬<br>戦闘開始時：自分の電圧だけ充電力場を得る（最大5）<br>使用時：自分の充電が7未満なら、充電を7まで得る。この効果で得た充電の数x3だけHPダメージを受ける。<br>R終了時：自分の充電が15以上なら充電10を消費してHP15回復し次のRにクイック3を得る<br>2d7+1	なし	なし	次元斬り	斬撃：傲慢<br>使用時：自分の充電と対象の破裂と次元の亀裂の合計6ごとにスキル威力+1（最大3）。自分の充電を2消費してスキルd値+1<br>2d9：的中時、充電6を得る（1R1回）。破裂2を付与。自分に[時限漂流]があるなら、[時限漂流]を1消費しこのダイスを1度だけ再使用	なし	なし	連続次元斬り	斬撃：暴食<br>使用時：自分の充電と対象の破裂と次元の亀裂の合計6ごとにスキル威力+1（最大3）。自分の充電を5消費しスキル威力+1<br>4d4：的中時、充電6を得て破裂1を付与<br>4d4：的中時、[破裂爆発]。破裂を2消費。次元の亀裂1を付与	高速切断	斬撃：傲慢<br>戦闘開始時：自分の電圧だけクイックを得る（最大3）<br>使用時：自分の充電と対象の破裂と次元の亀裂の合計6ごとにスキル威力+1（最大3）。自分の充電を5消費しスキル威力+1<br>5d2：的中時、充電3を得る<br>5d2：的中時、破裂爆発。破裂3消費<br>6d2<br>5d2：的中時、破裂爆発。破裂2消費。過半数的中時、破裂爆発	なし	なし	空間切断	斬撃：嫉妬<br>対象の破裂と次元の亀裂の合計6ごとにスキル威力+1（最大2）<br>使用前：自分の充電が15以上なら「四次角歪曲時系列切断」として発動<br>使用時：自分の充電が7以上、15未満なら充電を全て消費し消費した充電7ごとにスキル威力+2（最大4）<br>使用後：[時限漂流]1と[四色次元]1を得る<br>2d8：的中時、充電1を得て破裂1を付与<br>2d8：的中時、充電1を得て破裂1を付与<br>2d8+2：的中時、破裂1と次元の亀裂2を付与し[破裂爆発]。破裂を4消費	四次角歪曲時系列切断	斬撃：嫉妬<br>広域：対象4体<br>[広域乱射]<br>メインターゲットの破裂と次元の亀裂の合計6ごとにスキル威力+1（最大3）<br>使用時：自分の充電を15消費しスキル威力+5<br>使用後：[時限漂流]1と[四色次元]1を得る<br>3d3+2：的中時、[四色次元]1を得て破裂1を付与。過半数的中時、全対象に[破裂爆発]。破裂を2消費<br>3d3+2：的中時、[四色次元]1を得て破裂1を付与。過半数的中時、全対象に[破裂爆発]。破裂を2消費<br>3d3+2：的中時、[四色次元]1を得て破裂1を付与。過半数的中時、全対象に[破裂爆発]。破裂を2消費<br>3d3+3：的中時、充電1を得て破裂2と次元の亀裂2を付与。全対象に[破裂爆発]。破裂を3消費。自分の電圧が5以上ならこのダイスを1度だけ再使用	なし	なし	[四色次元] 最大4 バフ<br>数値につき以下の効果を得る<br>1~：ダメージ量+1<br>2~：被ダメージ量-1<br>3~：自分のスキルで得る充電獲得量+1<br>4~：自分の基本スキルダメージ量が電圧/2だけ増加（最大2）<br>この効果を最大値を超えて得た場合、超過した分を次のRに得る<br>R終了時に1減少<br><br>[時限漂流] 最大3 バフ<br>被攻撃前、バリアを数値x3だけ得る
138	S社チュノックンAの人格	S社	105	50	3d2	抵抗	普通	弱点	なし	押送差備	傲慢x3 共鳴	自分の[捕縛]を付与した敵が攻撃スキルを宣言した時、速度に関係なく攻撃スキルの攻撃対象を自分に変更してマッチする事ができる（1R1回）	自分の速度が対象より高ければ、対象との速度差2ごとにダメージ量+1（最大3）。	捕縛を掛ける	マッチ可能斬撃反撃：傲慢<br>使用時：自分の呼吸と対象の出血の合計が6以上ならマッチ威力+2<br>マッチ勝利時：呼吸3を得る<br>5d2：破壊不能ダイス。的中時、捕縛[○○]3を付与	なし	なし	烙印を押す	斬撃：憤怒<br>使用時：対象が自分の[捕縛]状態かつ、対象より速度が高ければ、対象との速度差1ごとにダメージ量+1（最大3）<br>2d4：過半数的中時、出血1を付与<br>2d4：過半数的中時、出血1を付与<br>2d5：的中時、出血2を付与	なし	なし	捕縛で締め上げる	斬撃：暴食<br>自分の呼吸と対象の出血の合計が6以上ならマッチ威力+1<br>使用時：呼吸3を得る<br>2d6：的中時、呼吸3を得る<br>2d6：的中時、出血2を付与<br>2d7：的中時、次のRに束縛1を付与	裂き斬る	斬撃：色欲<br>自分の呼吸と対象の出血の合計が6以上ならスキル威力+2<br>使用時：呼吸2を得る<br>6d2<br>6d2：的中時、次のRに出血1束縛2を付与。対象が自分の捕縛状態なら、対象の捕縛を1消費しこのダイスを1度だけ再使用。再使用的中時、呼吸1を得る。クリティカル再使用的中時、対象の出血を1回発動。対象の出血2減少	なし	なし	推刷執行	斬撃：傲慢<br>自分の呼吸と対象の出血の合計6につきスキル威力+1（最大2）<br>使用時：呼吸3を得る<br>マッチ勝利時：呼吸1を得る<br>4d3：的中時、出血1を付与。クリティカル的中時、次のRに出血2を付与<br>4d3：的中時、出血1を付与。クリティカル的中時、次のRに出血2を付与<br>3d4+1：的中時、このRと次のRに束縛2を付与。（対象の束縛x20％）の確率で[捕縛[○○]]3。対象が混乱状態なら確率が100％になる	なし	なし	なし	なし	[捕縛[○○]]最大3 デバフ<br>速度補正値-2<br>傲慢スキルによる被ダメージ量+1<br>付与したキャラクターが戦線離脱または死亡するか、他の対象にこのデバフを付与すると消滅。<br>他のキャラクターの[捕縛]が付与される場合、置き換えられる。<br>この効果が付与された後、付与者から攻撃を受けなかったなら、R終了時に1減少
139	S社チュノックンBの人格	S社	110	50	3d2	抵抗	普通	弱点	なし	痕跡追跡	傲慢x3 保有	なし	マッチ勝利時、対象の[引き裂かれた傷]1につき呼吸2を得る	逃走遮断	マッチ可能斬撃反撃：色欲<br>使用時：呼吸3を得る。自分の呼吸と対象の出血の合計が6以上ならマッチ威力+2<br>マッチ勝利時：呼吸3を得る<br>5d2：的中時、次のRに引き裂かれた傷2を付与	なし	なし	烙印を押す	斬撃：憤怒<br>使用時：対象が[捕縛]状態かつ、対象より速度が高ければ、対象との速度差1ごとにダメージ量+1（最大5）<br>2d4：過半数的中時、出血1を付与<br>2d4：過半数的中時、出血1を付与<br>2d5：的中時、出血2を付与	なし	なし	喉笛を締め付ける	斬撃：色欲<br>自分の呼吸と対象の出血の合計が6以上ならマッチ威力+1<br>使用時：呼吸3を得る。対象より速度が高ければ、呼吸2を得る<br>6d2：的中時、出血2を付与<br>6d2：的中時、次のRに出血2と[引き裂かれた傷]1を付与	裂き斬る	斬撃：傲慢<br>自分の呼吸と対象の出血の合計が6以上ならスキル威力+2<br>使用時：呼吸2を得る。対象より速度が高ければ呼吸2を得て、最終ダイスが破壊不能ダイスに変更される<br>2d7：的中時、次のRに出血3を付与<br>2d7：クリティカル的中時、次のRに引き裂かれた傷1を付与<br>2d8<br>2d8：クリティカルダメージ量+3。的中時、引き裂かれた傷1を付与	なし	なし	推刷執行	斬撃：傲慢<br>自分の呼吸と対象の出血の合計6につきスキル威力+1（最大2）<br>使用時：呼吸3を得る。対象に[捕縛]があるなら、最終ダイスが破壊不能ダイスに変更される<br>6d2：的中時、次のRに出血2を付与<br>6d2<br>7d2：クリティカルダメージ量+5。的中時、出血3と[引き裂かれた傷]1を付与。クリティカル的中時、[引き裂かれた傷]1を付与。次のRに傲慢脆弱1を付与	なし	なし	なし	なし	[引き裂かれた傷] 最大3 デバフ<br>R開始時、出血2を得る<br>R終了時、次のRに束縛1を得る。次のRに数値だけダメージ量減少を得て[引き裂かれた傷]の数値が最大ならマッチ威力減少1を得る<br>R終了時、1減少。クリティカル攻撃を受けなかった場合、追加で1減少
140	W社3級整理要員Bの人格	W社	105	55	1d7	抵抗	普通	弱点	なし	次元屈折刃	傲慢x5保有	なし	敵討伐時、充電3を得る	充電回避	回避：色欲<br>自分の充電5につきスキル威力+1<br>7d2	なし	なし	エネルギー循環	斬撃：色欲<br>自分の充電が10以上ならダメージ量+2<br>自分の充電が15以上ならダメージ量+2<br>2d6：的中時、充電2を得る<br>2d6：的中時、充電2を得る<br>2d7	なし	なし	次元の狭間	斬撃：憂鬱<br>自分の充電が10以上ならダメージ量+2<br>使用時：充電4を得る<br>7d2：的中時、破裂2を付与。対象の破裂が10以上なら、充電5を消費してこのダイスを1度だけ再使用。再使用的中時、[破裂爆発]。破裂を5消費	跳躍	斬撃：傲慢<br>自分の充電が15以上ならスキルd値+1<br>使用時：充電7を得る<br>2d8：過半数的中時、自分の充電が10以上なら、斬撃脆弱1を付与<br>2d8<br>2d10：対象のHPが30％未満なら、ダメージ量+5。敵討伐時、次のRにクイック3を得る	なし	なし	空間切断	斬撃：嫉妬<br>使用時：充電が7以上かつ15未満なら、充電を全て消費し3×(15-消費した充電回数)だけ固定ダメージを受けてスキル威力+3。自分の充電が15以上なら、代わりに充電を15消費しスキル威力+4<br>6d2：過半数的中時、最終ダイスのダメージ量+2<br>6d2：過半数的中時、最終ダイスのダメージ量+2<br>7d2：過半数的中時、最終ダイスのダメージ量+2<br>8d2：敵討伐時、スキル使用時に充電を15消費したなら、自分と自分を除くランダムな味方2名に充電力場7を付与	なし	なし	なし	なし	なし
141	W社3級整理要員Cの人格	W社	100	55	1d8	弱点	普通	抵抗	なし	整理業務	暴食x3保有	なし	戦闘開始時、自分の充電5ごとにクイック1を得る<br>スキルで充電消費時、ランダムな味方に次のRに充電力場4を付与	充電回避	回避：憂鬱<br>自分の充電5につきスキル威力+1<br>7d2	なし	なし	次元を裂く	斬撃：怠惰<br>使用時：充電2を得る<br>2d9：的中時、充電2を得て破裂2を付与	なし	なし	遡行	貫通：傲慢<br>自分の充電が10以上なら、破裂爆発で消費する破裂消費量-1<br>使用時：充電4を得る<br>3d3+2：的中時、[破裂爆発]。破裂を4消費。与えた破裂ダメージ/3だけ充電を得る（最大5）<br>3d3+2：的中時、[破裂爆発]。破裂を4消費。与えた破裂ダメージ/3だけ充電を得る（最大5）	エネルギー循環	貫通：暴食<br>自分の充電が10以上ならスキル威力+2<br>使用時：充電6を得る<br>4d4：的中時、次のRに束縛1を付与<br>4d4+1：的中時、破裂3を付与。自分の充電が10以上なら追加で破裂4を付与	なし	なし	次元の狭間	貫通：憂鬱<br>使用時：充電が15未満なら、充電を10消費してスキル威力+1。充電が15以上なら、代わりに充電15を消費してスキル威力+2<br>攻撃前：充電を15消費したなら、破裂3を付与<br>2d8：過半数的中時、破裂1を付与<br>2d8：過半数的中時、破裂1を付与<br>2d10：的中時、スキル使用時に消費した充電5につき破裂3を付与（最大9）	なし	なし	なし	なし	なし
142	W社2級整理要員Bの人格	W社	120	45	3d2	弱点	普通	抵抗	なし	反作用	嫉妬x3 保有	なし	攻撃後、充電1を得て、ランダムな味方1名に充電1を付与<br>充電を消費したなら、この効果で付与する味方への充電付与量+2	充電回避	回避：色欲<br>自分の充電5につきスキル威力+1<br>7d2	なし	なし	エネルギー循環	打撃：嫉妬<br>自分の充電が5以上ならマッチ威力+2<br>使用時：充電3を得る<br>2d8：的中時、充電2を得る	なし	なし	跳躍	打撃：憂鬱<br>使用時：充電3を得る<br>3d3+2：的中時、破裂2を付与<br>2d7：的中時、充電3を消費し、[破裂爆発]。破裂を4消費	波動	打撃：傲慢<br>使用時：充電3を得る<br>攻撃前：充電5を消費しダメージ量+4<br>5d3：的中時、破裂2を付与し充電3を得る	なし	なし	過充電	打撃：憤怒<br>自分の充電が5以上ならマッチ威力+2<br>2d5+3：過半数的中時、破裂4を付与<br>2d5+3<br>2d5+4：的中時、充電5を消費し次のRに虚弱1と麻痺3を付与	なし	なし	なし	なし	なし
143	送刃事務所フィクサー二対の人格	送刃事務所	120	45	2d3	普通	抵抗	弱点	なし	粛々とした狩り	傲慢x3 保有	舞台開始時、[銀杭]2を得る	攻撃後、対象のSANが50%以下か恐慌が10以上であれば銀杭1を消費し「刃を送る」を使用する（1R1回）	牙を避ける	回避：憂鬱<br>戦闘開始時：次のRに出血保護3を得る<br>8d2	なし	なし	斧槍術	斬撃：色欲<br>一方攻撃時：対象が血鬼または血袋なら恐慌付与量+1<br>2d5：過半数的中時、次のRに恐慌1を付与<br>2d5：過半数的中時、次のRに恐慌1を付与<br>2d7：的中時、次のRに恐慌2を付与	刃を送る	貫通：傲慢<br>[マッチ不能]<br>このスキルは対象の守備スキルを発動せず、大罪資源を獲得しない<br>対象が血鬼または血袋ならダメージ量+5<br>使用時：対象のSANが50%以下、もしくは恐慌が12以上ならスキルd値+3、ダメージ量+100%<br>敵討伐時：次のRに斬撃威力増加1を得る。対象が血鬼・血袋なら追加で次のRにダメージ量増加3を得る<br>5d2：的中時、次のRに恐慌2と[杭]1を付与	断首	斬撃：怠惰<br>対象が恐慌状態ならマッチ威力+1。対象が血鬼または血袋なら追加でマッチ威力+1<br>マッチ勝利時：次のRに斬撃脆弱2を付与<br>4d4+1：的中時、次のRに恐慌4を付与	更けていく夜	斬撃：憂鬱<br>対象のSANが50%以下ならダメージ量+1、混乱状態なら追加でダメージ量+1<br>攻撃前：[杭]を持つ敵の数だけダメージ量増加(最大3)<br>攻撃後：対象のHPが20%以下、もしくは混乱状態なら「刃を送る」を使用<br>2d9：的中時、次のRに恐慌3を付与<br>6d2：的中時、次のRに恐慌2を付与	なし	なし	葬送	斬撃：傲慢<br>対象に[杭]があるならスキル威力+1<br>攻撃後：対象が血鬼または血袋なら「刃を送る」を使用<br>敵討伐時：SANを20回復<br>2d8：的中時、次のRに恐慌2を付与<br>2d8：的中時、次のRに恐慌2を付与<br>3d6：的中時、対象に[杭]があるなら精神崩壊1を付与	なし	なし	なし	なし	[銀杭] 最大3 バフ<br>特定スキルにて消費する。<br><br>[杭] 最大3 デバフ<br>マッチ開始時、対象が送刃事務所所属なら対象のマッチ威力+1<br>R終了時、次のRに数値1ごとに恐慌2を得る<br>R終了時、血鬼または血袋なら次のRに斬撃脆弱2を得る<br>自分が死亡、退却、効果解除および消滅時にこの効果を付与した送刃事務所の敵に[銀杭]を付与
144	スプラッタールーム　B級殺人鬼の人格	スプラッタールーム	110	55	1d3+3	抵抗	弱点	普通	なし	執行からは逃れられない	傲慢x2 共鳴	なし	振動-崩壊を保有している敵に対しての与ダメージ量+3	正当防衛	斬撃反撃：傲慢<br>2d6：的中時、振動2を付与<br>2d5：的中時、出血1を付与	なし	なし	監視	斬撃：憤怒<br>対象の振動と出血が合計4以上ならスキル威力+1<br>2d9：的中時、出血1を付与<br>2d5+1：的中時、振動3を付与	なし	なし	塞がれた逃げ場	斬撃：嫉妬<br>対象の振動と出血が合計5ごとにスキル威力+1(最大2)<br>3d7：的中時、[振動爆発]。振動を5消費。出血2を付与	撒き散らす	打撃：色欲<br>対象の振動と出血が合計6ごとにスキル威力+1(最大2)<br>2d9：的中時、出血と振動1を付与<br>2d9：的中時、振動3を付与<br>3d5+1：的中時、出血1を付与	なし	なし	脱出劇の終焉	斬撃：傲慢<br>対象の振動と出血が合計6ごとにスキル威力+1(最大3)<br>マッチ勝利時：相手の出血を2倍にし、全て振動に変換する。<br>3d5：的中時、出血3を付与。<br>4d4：対象の振動が20以上なら、[振動-崩壊]へ[振幅変換]	なし	なし	なし	なし	なし
145	命脈相談窓口　受話器の人格	命脈相談窓口	119	44	3d2	普通	弱点	抵抗	なし	生命線を手繰るSOS	怠惰x2 嫉妬x1 保有	なし	R開始時、ランダムな味方1人に[電話線]を1付与し、[受話器]を1得る	エマージェンシー	回避：嫉妬<br>7d2+2：回避成功時、[電話線]を保有する味方に次のRにダメージ量増加1を付与（最大2）	なし	なし	不在着信	貫通：傲慢<br>使用時：ランダムな属性脆弱2を付与<br>マッチ敗北時：自身と[電話線]を保有する味方に次のRに脆弱1を付与<br>2d8<br>2d8：的中時、次のRに脆弱1を付与	なし	なし	メーデーメーデー	貫通：怠惰<br>マッチ勝利時：[電話線]を保有する味方に次のRに保護2を付与<br>7d2<br>2d5：的中時、次のRに脆弱1を付与	鳴り止まないコール	貫通：嫉妬<br>使用時：対象のデバフが2種以上なら、同じ速度の味方にランダムな属性威力増加1を付与<br>3d5：過半数的中時、[電話線]を保有する味方のHP3回復<br>2d8：的中時、[電話線]を保有する味方のHP3回復<br>2d6：的中時、次のRにダメージ量減少1を付与	なし	なし	こちら命脈相談窓口です	貫通：怠惰<br>使用時：対象のデバフ2種類につき[電話線]を保有する味方のHP5回復（最大15）<br>1d20：未半数的中時、次のRに虚弱1を得る<br>2d8+1：過半数的中時、次のRに麻痺1を付与<br>2d8+1：的中時、対象の保有するデバフ2種類につき次のRに虚弱1を付与（最大2）	なし	なし	なし	なし	[電話線] 最大1 中立バフ<br>スキルの最後のダイスのデバフ付与量+1<br>R終了時に消滅<br><br>[受話器] 最大1 中立バフ<br>[電話線]を保有している人格が最後に的中させたダイスで与えたデバフを付与する効果を自身のスキルの最後のダイスに追加する<br>R終了時に消滅